/*
 Navicat Premium Data Transfer

 Source Server         : mysql
 Source Server Type    : MySQL
 Source Server Version : 80033 (8.0.33)
 Source Host           : localhost:3306
 Source Schema         : spring

 Target Server Type    : MySQL
 Target Server Version : 80033 (8.0.33)
 File Encoding         : 65001

 Date: 17/04/2024 14:17:44
*/

SET NAMES utf8mb4;
SET FOREIGN_KEY_CHECKS = 0;

-- ----------------------------
-- Table structure for chuku
-- ----------------------------
DROP TABLE IF EXISTS `chuku`;
CREATE TABLE `chuku`  (
  `id` int UNSIGNED NOT NULL AUTO_INCREMENT,
  `dingdanid` int UNSIGNED NOT NULL COMMENT '订单id',
  `shangpinid` int UNSIGNED NOT NULL COMMENT '商品id',
  `bianhao` varchar(50) CHARACTER SET utf8mb4 COLLATE utf8mb4_0900_ai_ci NOT NULL COMMENT '编号',
  `mingcheng` varchar(255) CHARACTER SET utf8mb4 COLLATE utf8mb4_0900_ai_ci NOT NULL COMMENT '名称',
  `fenlei` int UNSIGNED NOT NULL COMMENT '分类',
  `tupian` varchar(255) CHARACTER SET utf8mb4 COLLATE utf8mb4_0900_ai_ci NOT NULL COMMENT '图片',
  `jiage` decimal(10, 2) NOT NULL DEFAULT 0.00 COMMENT '价格',
  `shuliang` int NOT NULL DEFAULT 0 COMMENT '数量',
  `zonge` decimal(10, 2) NOT NULL DEFAULT 0.00 COMMENT '总额',
  `xingming` varchar(50) CHARACTER SET utf8mb4 COLLATE utf8mb4_0900_ai_ci NOT NULL COMMENT '姓名',
  `lianxifangshi` varchar(50) CHARACTER SET utf8mb4 COLLATE utf8mb4_0900_ai_ci NOT NULL COMMENT '联系方式',
  `dizhi` varchar(50) CHARACTER SET utf8mb4 COLLATE utf8mb4_0900_ai_ci NOT NULL COMMENT '地址',
  `tianjiaren` varchar(50) CHARACTER SET utf8mb4 COLLATE utf8mb4_0900_ai_ci NOT NULL COMMENT '添加人',
  `kuaidigongsi` varchar(50) CHARACTER SET utf8mb4 COLLATE utf8mb4_0900_ai_ci NOT NULL COMMENT '快递公司',
  `kuaididanhao` varchar(50) CHARACTER SET utf8mb4 COLLATE utf8mb4_0900_ai_ci NOT NULL COMMENT '快递单号',
  `chukubeizhu` text CHARACTER SET utf8mb4 COLLATE utf8mb4_0900_ai_ci NOT NULL COMMENT '出库备注',
  `caozuoren` varchar(50) CHARACTER SET utf8mb4 COLLATE utf8mb4_0900_ai_ci NOT NULL COMMENT '操作人',
  PRIMARY KEY (`id`) USING BTREE,
  INDEX `chuku_dingdanid_index`(`dingdanid` ASC) USING BTREE,
  INDEX `chuku_shangpinid_index`(`shangpinid` ASC) USING BTREE,
  INDEX `chuku_fenlei_index`(`fenlei` ASC) USING BTREE
) ENGINE = InnoDB AUTO_INCREMENT = 11 CHARACTER SET = utf8mb4 COLLATE = utf8mb4_0900_ai_ci COMMENT = '出库' ROW_FORMAT = Dynamic;

-- ----------------------------
-- Records of chuku
-- ----------------------------
INSERT INTO `chuku` VALUES (3, 4, 30, '040814593329', '芒果一斤海南贵妃芒', 12, '/upload/ea638fab380ff555f7b10b5da1ab9fd2.png', 6.90, 1, 6.90, '王', '1560132564', '河南省郑州市金水区', '001', '顺丰', 'SF4898313454981', '', '005');
INSERT INTO `chuku` VALUES (4, 5, 20, '032922398317', '新鲜黄心土豆当季蔬菜迷你马铃薯洋芋5斤', 13, '/upload/706d72a21f668bfd4302aeae51d2db36.png', 18.80, 2, 37.60, 'zz', '123654892015', '河南省新乡市牧野区', '001', '圆通', 'YT7461346846', '', '006');
INSERT INTO `chuku` VALUES (5, 8, 19, '032922398317', '进口红毛丹水果新鲜毛荔枝1斤新鲜水果', 12, '/upload/677bd407182a558f15b60eb683231de2.png', 18.80, 1, 18.80, '王', '13265478903', '河南省郑州市二七区', '001', '顺丰', 'SF456789', '包好吃的', '100');
INSERT INTO `chuku` VALUES (6, 7, 18, '032922398317', '绿心海沃德猕猴桃新鲜水果3斤', 12, '/upload/cf80c4a05d7cf4db0cdda502516ab917.png', 21.80, 6, 130.80, '王', '13265478902', '河南省郑州市二七区', '001', '顺丰', 'SF456789', '包甜', '100');
INSERT INTO `chuku` VALUES (7, 6, 17, '032922398317', '圣女果小黄瓜新鲜组合樱桃番茄水果青瓜千禧西红柿子生吃2斤', 13, '/upload/62435292e7af7b68a68c3e9e86985836.png', 38.80, 3, 116.40, '张三', '13265478902', '河南省郑州市二七区', '001', '顺丰', 'SF456789', '值得信赖', '100');
INSERT INTO `chuku` VALUES (8, 9, 34, '041215096249', '小白嘴山药实拍带土软糯麻山药蔬菜山药30-40cm', 13, '/upload/7a9c2ffcb57526b5b0a270c702defcef.png', 16.90, 2, 33.80, 'wang', '12345698702', '河南省郑州市管城区', '002', '申通', 'ST45678979', '', '100');
INSERT INTO `chuku` VALUES (9, 13, 18, '032922398317', '绿心海沃德猕猴桃新鲜水果3斤', 12, '/upload/cf80c4a05d7cf4db0cdda502516ab917.png', 21.80, 2, 43.60, '王', '12345678911', '河北省石家庄', '001', '顺丰', 'SF456789111', '', '100');
INSERT INTO `chuku` VALUES (10, 14, 17, '032922398317', '圣女果小黄瓜新鲜组合樱桃番茄水果青瓜千禧西红柿子生吃2斤', 13, '/upload/62435292e7af7b68a68c3e9e86985836.png', 38.80, 4, 155.20, '王', '15660136666', '河南省郑州市', '001', '顺丰', 'SF45678933', '', '100');

-- ----------------------------
-- Table structure for dingdan
-- ----------------------------
DROP TABLE IF EXISTS `dingdan`;
CREATE TABLE `dingdan`  (
  `id` int UNSIGNED NOT NULL AUTO_INCREMENT,
  `shangpinid` int UNSIGNED NOT NULL COMMENT '商品id',
  `bianhao` varchar(50) CHARACTER SET utf8mb4 COLLATE utf8mb4_0900_ai_ci NOT NULL COMMENT '编号',
  `mingcheng` varchar(255) CHARACTER SET utf8mb4 COLLATE utf8mb4_0900_ai_ci NOT NULL COMMENT '名称',
  `fenlei` int UNSIGNED NOT NULL COMMENT '分类',
  `tupian` varchar(255) CHARACTER SET utf8mb4 COLLATE utf8mb4_0900_ai_ci NOT NULL COMMENT '图片',
  `jiage` decimal(10, 2) NOT NULL DEFAULT 0.00 COMMENT '价格',
  `dingdanhao` varchar(50) CHARACTER SET utf8mb4 COLLATE utf8mb4_0900_ai_ci NOT NULL COMMENT '订单号',
  `shuliang` int NOT NULL DEFAULT 0 COMMENT '数量',
  `zonge` decimal(10, 2) NOT NULL DEFAULT 0.00 COMMENT '总额',
  `xingming` varchar(50) CHARACTER SET utf8mb4 COLLATE utf8mb4_0900_ai_ci NOT NULL COMMENT '姓名',
  `lianxifangshi` varchar(50) CHARACTER SET utf8mb4 COLLATE utf8mb4_0900_ai_ci NOT NULL COMMENT '联系方式',
  `dizhi` varchar(50) CHARACTER SET utf8mb4 COLLATE utf8mb4_0900_ai_ci NOT NULL COMMENT '地址',
  `beizhu` text CHARACTER SET utf8mb4 COLLATE utf8mb4_0900_ai_ci NOT NULL COMMENT '备注',
  `dingdanzhuangtai` varchar(50) CHARACTER SET utf8mb4 COLLATE utf8mb4_0900_ai_ci NOT NULL COMMENT '订单状态',
  `tianjiaren` varchar(50) CHARACTER SET utf8mb4 COLLATE utf8mb4_0900_ai_ci NOT NULL COMMENT '添加人',
  `addtime` timestamp NOT NULL DEFAULT CURRENT_TIMESTAMP COMMENT '添加时间',
  `iszf` varchar(10) CHARACTER SET utf8mb4 COLLATE utf8mb4_0900_ai_ci NOT NULL DEFAULT '否' COMMENT '是否支付',
  PRIMARY KEY (`id`) USING BTREE,
  INDEX `dingdan_shangpinid_index`(`shangpinid` ASC) USING BTREE,
  INDEX `dingdan_fenlei_index`(`fenlei` ASC) USING BTREE
) ENGINE = InnoDB AUTO_INCREMENT = 15 CHARACTER SET = utf8mb4 COLLATE = utf8mb4_0900_ai_ci COMMENT = '订单' ROW_FORMAT = Dynamic;

-- ----------------------------
-- Records of dingdan
-- ----------------------------
INSERT INTO `dingdan` VALUES (4, 30, '040814593329', '芒果一斤海南贵妃芒', 12, '/upload/ea638fab380ff555f7b10b5da1ab9fd2.png', 6.90, '041118225292', 1, 6.90, '王', '1560132564', '河南省郑州市金水区', '', '已售后', '001', '2024-04-11 18:23:05', '是');
INSERT INTO `dingdan` VALUES (5, 20, '032922398317', '新鲜黄心土豆当季蔬菜迷你马铃薯洋芋5斤', 13, '/upload/706d72a21f668bfd4302aeae51d2db36.png', 18.80, '041119264983', 2, 37.60, 'zz', '123654892015', '河南省新乡市牧野区', '', '已出库', '001', '2024-04-11 19:27:24', '是');
INSERT INTO `dingdan` VALUES (6, 17, '032922398317', '圣女果小黄瓜新鲜组合樱桃番茄水果青瓜千禧西红柿子生吃2斤', 13, '/upload/62435292e7af7b68a68c3e9e86985836.png', 38.80, '041123573666', 3, 116.40, '张三', '13265478902', '河南省郑州市二七区', '尽快', '售后中', '001', '2024-04-11 23:58:17', '是');
INSERT INTO `dingdan` VALUES (7, 18, '032922398317', '绿心海沃德猕猴桃新鲜水果3斤', 12, '/upload/cf80c4a05d7cf4db0cdda502516ab917.png', 21.80, '041123588055', 6, 130.80, '王', '13265478902', '河南省郑州市二七区', '不要坏的', '售后中', '001', '2024-04-11 23:59:15', '是');
INSERT INTO `dingdan` VALUES (8, 19, '032922398317', '进口红毛丹水果新鲜毛荔枝1斤新鲜水果', 12, '/upload/677bd407182a558f15b60eb683231de2.png', 18.80, '041123592', 1, 18.80, '王', '13265478903', '河南省郑州市二七区', '我要尝尝', '已售后', '001', '2024-04-11 23:59:47', '是');
INSERT INTO `dingdan` VALUES (9, 34, '041215096249', '小白嘴山药实拍带土软糯麻山药蔬菜山药30-40cm', 13, '/upload/7a9c2ffcb57526b5b0a270c702defcef.png', 16.90, '041215312569', 2, 33.80, 'wang', '12345698702', '河南省郑州市管城区', '', '已出库', '002', '2024-04-12 15:32:17', '是');
INSERT INTO `dingdan` VALUES (10, 34, '041215096249', '小白嘴山药实拍带土软糯麻山药蔬菜山药30-40cm', 13, '/upload/7a9c2ffcb57526b5b0a270c702defcef.png', 16.90, '041315143934', 2, 33.80, '章', '17894563222', '湖南省长沙市', '', '已支付', '002', '2024-04-13 15:15:02', '是');
INSERT INTO `dingdan` VALUES (12, 28, '033020282397', '青见果冻橙新鲜橙子10斤水果当季整箱橘子', 12, '/upload/44d7f62e88d4a6d9be633f525af114e5.png', 52.80, '041315499387', 5, 264.00, '王', '12345678933', '河南省新乡市红旗区', '', '已支付', '001', '2024-04-13 15:49:46', '是');
INSERT INTO `dingdan` VALUES (13, 18, '032922398317', '绿心海沃德猕猴桃新鲜水果3斤', 12, '/upload/cf80c4a05d7cf4db0cdda502516ab917.png', 21.80, '04151717151', 2, 43.60, '王', '12345678911', '河北省石家庄', '', '已出库', '001', '2024-04-15 17:18:19', '是');
INSERT INTO `dingdan` VALUES (14, 17, '032922398317', '圣女果小黄瓜新鲜组合樱桃番茄水果青瓜千禧西红柿子生吃2斤', 13, '/upload/62435292e7af7b68a68c3e9e86985836.png', 38.80, '041517399632', 4, 155.20, '王', '15660136666', '河南省郑州市', '', '已售后', '001', '2024-04-15 17:39:40', '是');

-- ----------------------------
-- Table structure for dingdanzengpin
-- ----------------------------
DROP TABLE IF EXISTS `dingdanzengpin`;
CREATE TABLE `dingdanzengpin`  (
  `id` int UNSIGNED NOT NULL AUTO_INCREMENT,
  `bianhao` varchar(50) CHARACTER SET utf8mb4 COLLATE utf8mb4_0900_ai_ci NOT NULL COMMENT '编号',
  `dingdanid` varchar(50) CHARACTER SET utf8mb4 COLLATE utf8mb4_0900_ai_ci NOT NULL COMMENT '订单id',
  `mingcheng` varchar(255) CHARACTER SET utf8mb4 COLLATE utf8mb4_0900_ai_ci NOT NULL COMMENT '名称',
  `fenlei` int UNSIGNED NOT NULL COMMENT '分类',
  `tupian` varchar(255) CHARACTER SET utf8mb4 COLLATE utf8mb4_0900_ai_ci NOT NULL COMMENT '图片',
  `shuliang` int NOT NULL DEFAULT 0 COMMENT '数量',
  `tianjiaren` varchar(50) CHARACTER SET utf8mb4 COLLATE utf8mb4_0900_ai_ci NOT NULL COMMENT '添加人',
  `addtime` timestamp NOT NULL DEFAULT CURRENT_TIMESTAMP COMMENT '添加时间',
  PRIMARY KEY (`id`) USING BTREE,
  INDEX `dingdanzengpin_fenlei_index`(`fenlei` ASC) USING BTREE
) ENGINE = InnoDB AUTO_INCREMENT = 6 CHARACTER SET = utf8mb4 COLLATE = utf8mb4_0900_ai_ci COMMENT = '订单赠品' ROW_FORMAT = Dynamic;

-- ----------------------------
-- Records of dingdanzengpin
-- ----------------------------
INSERT INTO `dingdanzengpin` VALUES (5, '041200368315', '14', '鲜甜糯玉米1根', 13, '/upload/c774a38efb148ae3add5b18708a490cf.png', 4, '001', '2024-04-15 17:39:40');

-- ----------------------------
-- Table structure for fenlei
-- ----------------------------
DROP TABLE IF EXISTS `fenlei`;
CREATE TABLE `fenlei`  (
  `id` int UNSIGNED NOT NULL AUTO_INCREMENT,
  `fenleiming` varchar(255) CHARACTER SET utf8mb4 COLLATE utf8mb4_0900_ai_ci NOT NULL COMMENT '分类名',
  PRIMARY KEY (`id`) USING BTREE
) ENGINE = InnoDB AUTO_INCREMENT = 15 CHARACTER SET = utf8mb4 COLLATE = utf8mb4_0900_ai_ci COMMENT = '分类' ROW_FORMAT = Dynamic;

-- ----------------------------
-- Records of fenlei
-- ----------------------------
INSERT INTO `fenlei` VALUES (12, '水果');
INSERT INTO `fenlei` VALUES (13, '蔬菜');
INSERT INTO `fenlei` VALUES (14, '肉类');

-- ----------------------------
-- Table structure for lunbotu
-- ----------------------------
DROP TABLE IF EXISTS `lunbotu`;
CREATE TABLE `lunbotu`  (
  `id` int UNSIGNED NOT NULL AUTO_INCREMENT,
  `title` varchar(50) CHARACTER SET utf8mb4 COLLATE utf8mb4_0900_ai_ci NOT NULL COMMENT '标题',
  `image` varchar(255) CHARACTER SET utf8mb4 COLLATE utf8mb4_0900_ai_ci NOT NULL COMMENT '图片',
  `url` varchar(255) CHARACTER SET utf8mb4 COLLATE utf8mb4_0900_ai_ci NOT NULL COMMENT '连接地址',
  PRIMARY KEY (`id`) USING BTREE
) ENGINE = InnoDB AUTO_INCREMENT = 4 CHARACTER SET = utf8mb4 COLLATE = utf8mb4_0900_ai_ci COMMENT = '轮播图' ROW_FORMAT = Dynamic;

-- ----------------------------
-- Records of lunbotu
-- ----------------------------
INSERT INTO `lunbotu` VALUES (3, '猕猴桃', '/upload/ca88800840c7fe5c828b94781a6081c8.png', '#');

-- ----------------------------
-- Table structure for permissions
-- ----------------------------
DROP TABLE IF EXISTS `permissions`;
CREATE TABLE `permissions`  (
  `id` int UNSIGNED NOT NULL AUTO_INCREMENT,
  `parentid` int UNSIGNED NOT NULL COMMENT '模块名称',
  `code` varchar(50) CHARACTER SET utf8mb4 COLLATE utf8mb4_0900_ai_ci NOT NULL COMMENT '权限代码',
  `name` varchar(50) CHARACTER SET utf8mb4 COLLATE utf8mb4_0900_ai_ci NOT NULL COMMENT '名称',
  `ismenu` varchar(50) CHARACTER SET utf8mb4 COLLATE utf8mb4_0900_ai_ci NOT NULL COMMENT '是否菜单',
  `url` varchar(255) CHARACTER SET utf8mb4 COLLATE utf8mb4_0900_ai_ci NOT NULL COMMENT '菜单地址',
  PRIMARY KEY (`id`) USING BTREE,
  INDEX `permissions_parentid_index`(`parentid` ASC) USING BTREE
) ENGINE = InnoDB AUTO_INCREMENT = 117 CHARACTER SET = utf8mb4 COLLATE = utf8mb4_0900_ai_ci COMMENT = '权限' ROW_FORMAT = Dynamic;

-- ----------------------------
-- Records of permissions
-- ----------------------------
INSERT INTO `permissions` VALUES (1, 0, 'yonghu', '用户', '是', '');
INSERT INTO `permissions` VALUES (2, 1, 'yonghu/list', '查询', '是', '{path:\'/admin/yonghu\'}');
INSERT INTO `permissions` VALUES (3, 1, 'yonghu/add', '添加', '是', '{path:\'/admin/yonghu/add\'}');
INSERT INTO `permissions` VALUES (4, 1, 'yonghu/updt', '编辑', '否', '{path:\'/admin/yonghu/updt\'}');
INSERT INTO `permissions` VALUES (5, 1, 'yonghu/delete', '删除', '否', '{path:\'/admin/yonghu/delete\'}');
INSERT INTO `permissions` VALUES (6, 0, 'role', '角色', '是', '');
INSERT INTO `permissions` VALUES (7, 6, 'role/list', '查询', '是', '{path:\'/admin/role\'}');
INSERT INTO `permissions` VALUES (8, 6, 'role/add', '添加', '是', '{path:\'/admin/role/add\'}');
INSERT INTO `permissions` VALUES (9, 6, 'role/updt', '编辑', '否', '{path:\'/admin/role/updt\'}');
INSERT INTO `permissions` VALUES (10, 6, 'role/delete', '删除', '否', '{path:\'/admin/role/delete\'}');
INSERT INTO `permissions` VALUES (11, 6, 'role/batch', '批量操作', '否', '{path:\'/admin/role/batch\'}');
INSERT INTO `permissions` VALUES (12, 0, 'permissions', '权限', '是', '');
INSERT INTO `permissions` VALUES (13, 12, 'permissions/list', '查询', '是', '{path:\'/admin/permissions\'}');
INSERT INTO `permissions` VALUES (14, 12, 'permissions/add', '添加', '是', '{path:\'/admin/permissions/add\'}');
INSERT INTO `permissions` VALUES (15, 12, 'permissions/updt', '编辑', '否', '{path:\'/admin/permissions/updt\'}');
INSERT INTO `permissions` VALUES (16, 12, 'permissions/delete', '删除', '否', '{path:\'/admin/permissions/delete\'}');
INSERT INTO `permissions` VALUES (17, 0, 'fenlei', '分类', '是', '');
INSERT INTO `permissions` VALUES (18, 17, 'fenlei/list', '查询', '是', '{path:\'/admin/fenlei\'}');
INSERT INTO `permissions` VALUES (19, 17, 'fenlei/add', '添加', '是', '{path:\'/admin/fenlei/add\'}');
INSERT INTO `permissions` VALUES (20, 17, 'fenlei/updt', '编辑', '否', '{path:\'/admin/fenlei/updt\'}');
INSERT INTO `permissions` VALUES (21, 17, 'fenlei/delete', '删除', '否', '{path:\'/admin/fenlei/delete\'}');
INSERT INTO `permissions` VALUES (22, 0, 'shangpin', '商品', '是', '');
INSERT INTO `permissions` VALUES (23, 22, 'shangpin/list', '查询', '是', '{path:\'/admin/shangpin\'}');
INSERT INTO `permissions` VALUES (24, 22, 'shangpin/add', '添加', '是', '{path:\'/admin/shangpin/add\'}');
INSERT INTO `permissions` VALUES (25, 22, 'shangpin/updt', '编辑', '否', '{path:\'/admin/shangpin/updt\'}');
INSERT INTO `permissions` VALUES (26, 22, 'shangpin/detail', '详情', '否', '{path:\'/admin/shangpin/detail\'}');
INSERT INTO `permissions` VALUES (27, 22, 'shangpin/delete', '删除', '否', '{path:\'/admin/shangpin/delete\'}');
INSERT INTO `permissions` VALUES (28, 22, 'shangpin/tianjiaren', '查询-添加人', '是', '{path:\'/admin/shangpin/tianjiaren\'}');
INSERT INTO `permissions` VALUES (29, 0, 'zengpin', '赠品', '是', '');
INSERT INTO `permissions` VALUES (30, 29, 'zengpin/list', '查询', '是', '{path:\'/admin/zengpin\'}');
INSERT INTO `permissions` VALUES (31, 29, 'zengpin/add', '添加', '是', '{path:\'/admin/zengpin/add\'}');
INSERT INTO `permissions` VALUES (32, 29, 'zengpin/updt', '编辑', '否', '{path:\'/admin/zengpin/updt\'}');
INSERT INTO `permissions` VALUES (33, 29, 'zengpin/detail', '详情', '否', '{path:\'/admin/zengpin/detail\'}');
INSERT INTO `permissions` VALUES (34, 29, 'zengpin/delete', '删除', '否', '{path:\'/admin/zengpin/delete\'}');
INSERT INTO `permissions` VALUES (35, 29, 'zengpin/tianjiaren', '查询-添加人', '是', '{path:\'/admin/zengpin/tianjiaren\'}');
INSERT INTO `permissions` VALUES (36, 0, 'dingdan', '订单', '是', '');
INSERT INTO `permissions` VALUES (37, 36, 'dingdan/list', '查询', '是', '{path:\'/admin/dingdan\'}');
INSERT INTO `permissions` VALUES (38, 36, 'dingdan/add', '添加', '否', '{path:\'/admin/dingdan/add\'}');
INSERT INTO `permissions` VALUES (39, 36, 'dingdan/updt', '编辑', '否', '{path:\'/admin/dingdan/updt\'}');
INSERT INTO `permissions` VALUES (40, 36, 'dingdan/detail', '详情', '否', '{path:\'/admin/dingdan/detail\'}');
INSERT INTO `permissions` VALUES (41, 36, 'dingdan/delete', '删除', '否', '{path:\'/admin/dingdan/delete\'}');
INSERT INTO `permissions` VALUES (42, 36, 'dingdan/tianjiaren', '查询-添加人', '是', '{path:\'/admin/dingdan/tianjiaren\'}');
INSERT INTO `permissions` VALUES (43, 0, 'dingdanzengpin', '订单赠品', '否', '');
INSERT INTO `permissions` VALUES (44, 43, 'dingdanzengpin/list', '查询', '是', '{path:\'/admin/dingdanzengpin\'}');
INSERT INTO `permissions` VALUES (45, 43, 'dingdanzengpin/add', '添加', '是', '{path:\'/admin/dingdanzengpin/add\'}');
INSERT INTO `permissions` VALUES (46, 43, 'dingdanzengpin/updt', '编辑', '否', '{path:\'/admin/dingdanzengpin/updt\'}');
INSERT INTO `permissions` VALUES (47, 43, 'dingdanzengpin/detail', '详情', '否', '{path:\'/admin/dingdanzengpin/detail\'}');
INSERT INTO `permissions` VALUES (48, 43, 'dingdanzengpin/delete', '删除', '否', '{path:\'/admin/dingdanzengpin/delete\'}');
INSERT INTO `permissions` VALUES (49, 43, 'dingdanzengpin/tianjiaren', '查询-添加人', '是', '{path:\'/admin/dingdanzengpin/tianjiaren\'}');
INSERT INTO `permissions` VALUES (50, 0, 'zhuanshangpin', '转商审核', '是', '');
INSERT INTO `permissions` VALUES (51, 50, 'zhuanshangpin/list', '查询', '是', '{path:\'/admin/zhuanshangpin\'}');
INSERT INTO `permissions` VALUES (52, 50, 'zhuanshangpin/add', '添加', '否', '{path:\'/admin/zhuanshangpin/add\'}');
INSERT INTO `permissions` VALUES (53, 50, 'zhuanshangpin/updt', '编辑', '否', '{path:\'/admin/zhuanshangpin/updt\'}');
INSERT INTO `permissions` VALUES (54, 50, 'zhuanshangpin/detail', '详情', '否', '{path:\'/admin/zhuanshangpin/detail\'}');
INSERT INTO `permissions` VALUES (55, 50, 'zhuanshangpin/delete', '删除', '否', '{path:\'/admin/zhuanshangpin/delete\'}');
INSERT INTO `permissions` VALUES (56, 50, 'zhuanshangpin/shenqingren', '查询-申请人', '是', '{path:\'/admin/zhuanshangpin/shenqingren\'}');
INSERT INTO `permissions` VALUES (57, 0, 'zhuanshangshenhe', '转商', '是', '');
INSERT INTO `permissions` VALUES (58, 57, 'zhuanshangshenhe/list', '查询', '是', '{path:\'/admin/zhuanshangshenhe\'}');
INSERT INTO `permissions` VALUES (59, 57, 'zhuanshangshenhe/add', '添加', '否', '{path:\'/admin/zhuanshangshenhe/add\'}');
INSERT INTO `permissions` VALUES (60, 57, 'zhuanshangshenhe/updt', '编辑', '否', '{path:\'/admin/zhuanshangshenhe/updt\'}');
INSERT INTO `permissions` VALUES (61, 57, 'zhuanshangshenhe/detail', '详情', '否', '{path:\'/admin/zhuanshangshenhe/detail\'}');
INSERT INTO `permissions` VALUES (62, 57, 'zhuanshangshenhe/delete', '删除', '否', '{path:\'/admin/zhuanshangshenhe/delete\'}');
INSERT INTO `permissions` VALUES (63, 57, 'zhuanshangshenhe/shenqingren', '查询-申请人', '是', '{path:\'/admin/zhuanshangshenhe/shenqingren\'}');
INSERT INTO `permissions` VALUES (64, 57, 'zhuanshangshenhe/shenheren', '查询-审核人', '是', '{path:\'/admin/zhuanshangshenhe/shenheren\'}');
INSERT INTO `permissions` VALUES (65, 0, 'zhuanzengpin', '转赠审核', '是', '');
INSERT INTO `permissions` VALUES (66, 65, 'zhuanzengpin/list', '查询', '是', '{path:\'/admin/zhuanzengpin\'}');
INSERT INTO `permissions` VALUES (67, 65, 'zhuanzengpin/add', '添加', '否', '{path:\'/admin/zhuanzengpin/add\'}');
INSERT INTO `permissions` VALUES (68, 65, 'zhuanzengpin/updt', '编辑', '否', '{path:\'/admin/zhuanzengpin/updt\'}');
INSERT INTO `permissions` VALUES (69, 65, 'zhuanzengpin/detail', '详情', '否', '{path:\'/admin/zhuanzengpin/detail\'}');
INSERT INTO `permissions` VALUES (70, 65, 'zhuanzengpin/delete', '删除', '否', '{path:\'/admin/zhuanzengpin/delete\'}');
INSERT INTO `permissions` VALUES (71, 65, 'zhuanzengpin/shenqingren', '查询-申请人', '是', '{path:\'/admin/zhuanzengpin/shenqingren\'}');
INSERT INTO `permissions` VALUES (72, 0, 'zhuanzengshenhe', '转赠', '是', '');
INSERT INTO `permissions` VALUES (73, 72, 'zhuanzengshenhe/list', '查询', '是', '{path:\'/admin/zhuanzengshenhe\'}');
INSERT INTO `permissions` VALUES (74, 72, 'zhuanzengshenhe/add', '添加', '否', '{path:\'/admin/zhuanzengshenhe/add\'}');
INSERT INTO `permissions` VALUES (75, 72, 'zhuanzengshenhe/updt', '编辑', '否', '{path:\'/admin/zhuanzengshenhe/updt\'}');
INSERT INTO `permissions` VALUES (76, 72, 'zhuanzengshenhe/detail', '详情', '否', '{path:\'/admin/zhuanzengshenhe/detail\'}');
INSERT INTO `permissions` VALUES (77, 72, 'zhuanzengshenhe/delete', '删除', '否', '{path:\'/admin/zhuanzengshenhe/delete\'}');
INSERT INTO `permissions` VALUES (78, 72, 'zhuanzengshenhe/shenqingren', '查询-申请人', '是', '{path:\'/admin/zhuanzengshenhe/shenqingren\'}');
INSERT INTO `permissions` VALUES (79, 0, 'chuku', '出库', '是', '');
INSERT INTO `permissions` VALUES (80, 79, 'chuku/list', '查询', '是', '{path:\'/admin/chuku\'}');
INSERT INTO `permissions` VALUES (81, 79, 'chuku/add', '添加', '否', '{path:\'/admin/chuku/add\'}');
INSERT INTO `permissions` VALUES (82, 79, 'chuku/updt', '编辑', '否', '{path:\'/admin/chuku/updt\'}');
INSERT INTO `permissions` VALUES (83, 79, 'chuku/detail', '详情', '否', '{path:\'/admin/chuku/detail\'}');
INSERT INTO `permissions` VALUES (84, 79, 'chuku/delete', '删除', '否', '{path:\'/admin/chuku/delete\'}');
INSERT INTO `permissions` VALUES (85, 79, 'chuku/tianjiaren', '查询-添加人', '是', '{path:\'/admin/chuku/tianjiaren\'}');
INSERT INTO `permissions` VALUES (86, 0, 'tuihuanhuo', '退换货审核', '是', '');
INSERT INTO `permissions` VALUES (87, 86, 'tuihuanhuo/list', '查询', '是', '{path:\'/admin/tuihuanhuo\'}');
INSERT INTO `permissions` VALUES (88, 86, 'tuihuanhuo/add', '添加', '否', '{path:\'/admin/tuihuanhuo/add\'}');
INSERT INTO `permissions` VALUES (89, 86, 'tuihuanhuo/updt', '编辑', '否', '{path:\'/admin/tuihuanhuo/updt\'}');
INSERT INTO `permissions` VALUES (90, 86, 'tuihuanhuo/detail', '详情', '否', '{path:\'/admin/tuihuanhuo/detail\'}');
INSERT INTO `permissions` VALUES (91, 86, 'tuihuanhuo/delete', '删除', '否', '{path:\'/admin/tuihuanhuo/delete\'}');
INSERT INTO `permissions` VALUES (92, 86, 'tuihuanhuo/tianjiaren', '查询-添加人', '是', '{path:\'/admin/tuihuanhuo/tianjiaren\'}');
INSERT INTO `permissions` VALUES (93, 86, 'tuihuanhuo/caozuoren', '查询-操作人', '是', '{path:\'/admin/tuihuanhuo/caozuoren\'}');
INSERT INTO `permissions` VALUES (94, 0, 'tuihuanshenhe', '退换货', '是', '');
INSERT INTO `permissions` VALUES (95, 94, 'tuihuanshenhe/list', '查询', '是', '{path:\'/admin/tuihuanshenhe\'}');
INSERT INTO `permissions` VALUES (96, 94, 'tuihuanshenhe/add', '添加', '否', '{path:\'/admin/tuihuanshenhe/add\'}');
INSERT INTO `permissions` VALUES (97, 94, 'tuihuanshenhe/updt', '编辑', '否', '{path:\'/admin/tuihuanshenhe/updt\'}');
INSERT INTO `permissions` VALUES (98, 94, 'tuihuanshenhe/detail', '详情', '否', '{path:\'/admin/tuihuanshenhe/detail\'}');
INSERT INTO `permissions` VALUES (99, 94, 'tuihuanshenhe/delete', '删除', '否', '{path:\'/admin/tuihuanshenhe/delete\'}');
INSERT INTO `permissions` VALUES (100, 94, 'tuihuanshenhe/caozuoren', '查询-操作人', '是', '{path:\'/admin/tuihuanshenhe/caozuoren\'}');
INSERT INTO `permissions` VALUES (101, 94, 'tuihuanshenhe/tianjiaren', '查询-添加人', '是', '{path:\'/admin/tuihuanshenhe/tianjiaren\'}');
INSERT INTO `permissions` VALUES (102, 94, 'tuihuanshenhe/shenheren', '查询-审核人', '是', '{path:\'/admin/tuihuanshenhe/shenheren\'}');
INSERT INTO `permissions` VALUES (103, 0, 'ruku', '入库', '是', '');
INSERT INTO `permissions` VALUES (104, 103, 'ruku/list', '查询', '是', '{path:\'/admin/ruku\'}');
INSERT INTO `permissions` VALUES (105, 103, 'ruku/add', '添加', '否', '{path:\'/admin/ruku/add\'}');
INSERT INTO `permissions` VALUES (106, 103, 'ruku/updt', '编辑', '否', '{path:\'/admin/ruku/updt\'}');
INSERT INTO `permissions` VALUES (107, 103, 'ruku/detail', '详情', '否', '{path:\'/admin/ruku/detail\'}');
INSERT INTO `permissions` VALUES (108, 103, 'ruku/delete', '删除', '否', '{path:\'/admin/ruku/delete\'}');
INSERT INTO `permissions` VALUES (109, 103, 'ruku/tianjiaren', '查询-添加人', '是', '{path:\'/admin/ruku/tianjiaren\'}');
INSERT INTO `permissions` VALUES (110, 103, 'ruku/caozuoren', '查询-操作人', '是', '{path:\'/admin/ruku/caozuoren\'}');
INSERT INTO `permissions` VALUES (111, 0, 'lunbotu', '轮播图', '是', '');
INSERT INTO `permissions` VALUES (112, 111, 'lunbotu/list', '查询', '是', '{path:\'/admin/lunbotu\'}');
INSERT INTO `permissions` VALUES (113, 111, 'lunbotu/add', '添加', '是', '{path:\'/admin/lunbotu/add\'}');
INSERT INTO `permissions` VALUES (114, 111, 'lunbotu/updt', '编辑', '否', '{path:\'/admin/lunbotu/updt\'}');
INSERT INTO `permissions` VALUES (115, 111, 'lunbotu/delete', '删除', '否', '{path:\'/admin/lunbotu/delete\'}');
INSERT INTO `permissions` VALUES (116, 1, 'yonghu/updtself', '更改个人信息', '是', '{path:\'/admin/yonghu/updtself\'}');

-- ----------------------------
-- Table structure for role
-- ----------------------------
DROP TABLE IF EXISTS `role`;
CREATE TABLE `role`  (
  `id` int UNSIGNED NOT NULL AUTO_INCREMENT,
  `rolename` varchar(50) CHARACTER SET utf8mb4 COLLATE utf8mb4_0900_ai_ci NOT NULL COMMENT '角色名',
  `permissions` varchar(255) CHARACTER SET utf8mb4 COLLATE utf8mb4_0900_ai_ci NOT NULL COMMENT '授权',
  PRIMARY KEY (`id`) USING BTREE
) ENGINE = InnoDB AUTO_INCREMENT = 4 CHARACTER SET = utf8mb4 COLLATE = utf8mb4_0900_ai_ci COMMENT = '角色' ROW_FORMAT = Dynamic;

-- ----------------------------
-- Records of role
-- ----------------------------
INSERT INTO `role` VALUES (1, '用户', '1,36,38,39,40,41,42,82,79,83,84,85,90,86,91,92,88,97,94,98,99,101,116');
INSERT INTO `role` VALUES (2, '管理员', '2,1,18,17,19,21,33,32,34,36,50,57,65,72,79,86,94,3,4,5,22,23,24,25,26,27,29,31,30,37,38,39,40,41,51,52,53,54,55,58,59,60,61,62,66,67,68,69,70,73,74,75,76,77,80,81,82,83,84,87,88,89,90,91,95,96,98,97,99,104,105,106,107,108,103');
INSERT INTO `role` VALUES (3, '农户', '24,22,25,26,27,29,31,32,33,34,36,40,79,81,82,83,84,94,96,97,99,103,105,106,107,108,98,28,35,37,43,45,46,47,48,49,74,72,75,76,78,77,110,80,57,61,63,116,1,60,62,59,85,87,86,90,102');

-- ----------------------------
-- Table structure for ruku
-- ----------------------------
DROP TABLE IF EXISTS `ruku`;
CREATE TABLE `ruku`  (
  `id` int UNSIGNED NOT NULL AUTO_INCREMENT,
  `tuihuanhuoid` int UNSIGNED NOT NULL COMMENT '退换货id',
  `dingdanid` int UNSIGNED NOT NULL COMMENT '订单id',
  `shangpinid` int UNSIGNED NOT NULL COMMENT '商品id',
  `bianhao` varchar(50) CHARACTER SET utf8mb4 COLLATE utf8mb4_0900_ai_ci NOT NULL COMMENT '编号',
  `mingcheng` varchar(255) CHARACTER SET utf8mb4 COLLATE utf8mb4_0900_ai_ci NOT NULL COMMENT '名称',
  `fenlei` int UNSIGNED NOT NULL COMMENT '分类',
  `shuliang` int NOT NULL DEFAULT 0 COMMENT '数量',
  `tianjiaren` varchar(50) CHARACTER SET utf8mb4 COLLATE utf8mb4_0900_ai_ci NOT NULL COMMENT '添加人',
  `beizhu` text CHARACTER SET utf8mb4 COLLATE utf8mb4_0900_ai_ci NOT NULL COMMENT '备注',
  `caozuoren` varchar(50) CHARACTER SET utf8mb4 COLLATE utf8mb4_0900_ai_ci NOT NULL COMMENT '操作人',
  `addtime` timestamp NOT NULL DEFAULT CURRENT_TIMESTAMP COMMENT '添加时间',
  PRIMARY KEY (`id`) USING BTREE,
  INDEX `ruku_tuihuanhuoid_index`(`tuihuanhuoid` ASC) USING BTREE,
  INDEX `ruku_dingdanid_index`(`dingdanid` ASC) USING BTREE,
  INDEX `ruku_shangpinid_index`(`shangpinid` ASC) USING BTREE,
  INDEX `ruku_fenlei_index`(`fenlei` ASC) USING BTREE
) ENGINE = InnoDB AUTO_INCREMENT = 4 CHARACTER SET = utf8mb4 COLLATE = utf8mb4_0900_ai_ci COMMENT = '入库' ROW_FORMAT = Dynamic;

-- ----------------------------
-- Records of ruku
-- ----------------------------
INSERT INTO `ruku` VALUES (2, 2, 3, 28, '033020282397', '小米14Ultra手机 12G+256G', 9, 1, '006', '212', 'admin', '2024-03-30 20:58:58');
INSERT INTO `ruku` VALUES (3, 4, 8, 19, '032922398317', '进口红毛丹水果新鲜毛荔枝1斤新鲜水果', 12, 1, '001', '退货', '100', '2024-04-12 00:11:41');

-- ----------------------------
-- Table structure for shangpin
-- ----------------------------
DROP TABLE IF EXISTS `shangpin`;
CREATE TABLE `shangpin`  (
  `id` int UNSIGNED NOT NULL AUTO_INCREMENT,
  `bianhao` varchar(50) CHARACTER SET utf8mb4 COLLATE utf8mb4_0900_ai_ci NOT NULL COMMENT '编号',
  `mingcheng` varchar(255) CHARACTER SET utf8mb4 COLLATE utf8mb4_0900_ai_ci NOT NULL COMMENT '名称',
  `fenlei` int UNSIGNED NOT NULL COMMENT '分类',
  `tupian` varchar(255) CHARACTER SET utf8mb4 COLLATE utf8mb4_0900_ai_ci NOT NULL COMMENT '图片',
  `kucunyuzhi` int NOT NULL DEFAULT 0 COMMENT '库存阈值',
  `kucun` int NOT NULL DEFAULT 0 COMMENT '库存',
  `jiage` decimal(10, 2) NOT NULL DEFAULT 0.00 COMMENT '价格',
  `xiangqing` longtext CHARACTER SET utf8mb4 COLLATE utf8mb4_0900_ai_ci NOT NULL COMMENT '详情',
  `tianjiaren` varchar(50) CHARACTER SET utf8mb4 COLLATE utf8mb4_0900_ai_ci NOT NULL COMMENT '添加人',
  PRIMARY KEY (`id`) USING BTREE,
  INDEX `shangpin_fenlei_index`(`fenlei` ASC) USING BTREE
) ENGINE = InnoDB AUTO_INCREMENT = 40 CHARACTER SET = utf8mb4 COLLATE = utf8mb4_0900_ai_ci COMMENT = '商品' ROW_FORMAT = Dynamic;

-- ----------------------------
-- Records of shangpin
-- ----------------------------
INSERT INTO `shangpin` VALUES (16, '032922374437', '紫薯新鲜板栗红薯番薯地瓜蜜薯糖心10斤山芋烟薯香薯蔬菜农家自种', 13, '/upload/54ca63bb41253d49eddf657314a9d2f6.png', 100, 200, 9.80, '<div class=\"Attrs--attrSection--2_G8xGa\" style=\"word-break: break-all; font-family: \'PingFang SC\'; font-size: 14px; letter-spacing: normal; color: rgb(78, 78, 78); line-height: 16px; margin-top: 14px; white-space: nowrap; overflow: hidden; margin-right: -6px; margin-left: -6px; font-style: normal; font-variant-ligatures: normal; font-variant-caps: normal; font-weight: 400; orphans: 2; text-align: start; text-indent: 0px; text-transform: none; widows: 2; word-spacing: 0px; -webkit-text-stroke-width: 0px; background-color: rgb(255, 255, 255); text-decoration-thickness: initial; text-decoration-style: initial; text-decoration-color: initial;\">\n<div class=\"Attrs--attrSection--2_G8xGa\" style=\"word-break: break-all; font-family: \'PingFang SC\'; font-size: 14px; letter-spacing: normal; color: rgb(78, 78, 78); line-height: 16px; margin-top: 14px; white-space: nowrap; overflow: hidden; margin-right: -6px; margin-left: -6px; font-style: normal; font-variant-ligatures: normal; font-variant-caps: normal; font-weight: 400; orphans: 2; text-align: start; text-indent: 0px; text-transform: none; widows: 2; word-spacing: 0px; -webkit-text-stroke-width: 0px; background-color: rgb(255, 255, 255); text-decoration-style: initial; text-decoration-color: initial;\"><span class=\"Attrs--attr--33ShB6X\" style=\"display: inline-block; width: 253.969px; text-overflow: ellipsis; overflow: hidden; padding: 0px 6px; box-sizing: border-box;\" title=\"品牌：壹亩地瓜\">品牌：壹亩地瓜</span><span class=\"Attrs--attr--33ShB6X\" style=\"display: inline-block; width: 253.969px; text-overflow: ellipsis; overflow: hidden; padding: 0px 6px; box-sizing: border-box;\" title=\"系列：番薯\">系列：番薯</span><span class=\"Attrs--attr--33ShB6X\" style=\"display: inline-block; width: 253.969px; text-overflow: ellipsis; overflow: hidden; padding: 0px 6px; box-sizing: border-box;\" title=\"型号：紫薯001\">型号：紫薯001</span></div>\n<div class=\"Attrs--attrSection--2_G8xGa\" style=\"word-break: break-all; font-family: \'PingFang SC\'; font-size: 14px; letter-spacing: normal; color: rgb(78, 78, 78); line-height: 16px; margin-top: 14px; white-space: nowrap; overflow: hidden; margin-right: -6px; margin-left: -6px; font-style: normal; font-variant-ligatures: normal; font-variant-caps: normal; font-weight: 400; orphans: 2; text-align: start; text-indent: 0px; text-transform: none; widows: 2; word-spacing: 0px; -webkit-text-stroke-width: 0px; background-color: rgb(255, 255, 255); text-decoration-style: initial; text-decoration-color: initial;\"><span class=\"Attrs--attr--33ShB6X\" style=\"display: inline-block; width: 253.969px; text-overflow: ellipsis; overflow: hidden; padding: 0px 6px; box-sizing: border-box;\" title=\"产地：中国大陆\">产地：中国大陆</span><span class=\"Attrs--attr--33ShB6X\" style=\"display: inline-block; width: 253.969px; text-overflow: ellipsis; overflow: hidden; padding: 0px 6px; box-sizing: border-box;\" title=\"省份：山东省\">省份：山东省</span><span class=\"Attrs--attr--33ShB6X\" style=\"display: inline-block; width: 253.969px; text-overflow: ellipsis; overflow: hidden; padding: 0px 6px; box-sizing: border-box;\" title=\"城市：济南市\">城市：济南市</span></div>\n<div class=\"Attrs--attrSection--2_G8xGa\" style=\"word-break: break-all; font-family: \'PingFang SC\'; font-size: 14px; letter-spacing: normal; color: rgb(78, 78, 78); line-height: 16px; margin-top: 14px; white-space: nowrap; overflow: hidden; margin-right: -6px; margin-left: -6px; font-style: normal; font-variant-ligatures: normal; font-variant-caps: normal; font-weight: 400; orphans: 2; text-align: start; text-indent: 0px; text-transform: none; widows: 2; word-spacing: 0px; -webkit-text-stroke-width: 0px; background-color: rgb(255, 255, 255); text-decoration-style: initial; text-decoration-color: initial;\"><span class=\"Attrs--attr--33ShB6X\" style=\"display: inline-block; width: 253.969px; text-overflow: ellipsis; overflow: hidden; padding: 0px 6px; box-sizing: border-box;\" title=\"包装种类：箱装\">包装种类：箱装</span><span class=\"Attrs--attr--33ShB6X\" style=\"display: inline-block; width: 253.969px; text-overflow: ellipsis; overflow: hidden; padding: 0px 6px; box-sizing: border-box;\" title=\"包装方式：散装\">包装方式：散装</span><span class=\"Attrs--attr--33ShB6X\" style=\"display: inline-block; width: 253.969px; text-overflow: ellipsis; overflow: hidden; padding: 0px 6px; box-sizing: border-box;\" title=\"上市时间：1月 9月 3月 6月 4月 11月 7月 12月 10月 5月 2月 8月\">上市时间：1月 9月 3月 6月 4月 11月 7月 12月 10月 5月 2月 8月</span></div>\n<div class=\"Attrs--attrSection--2_G8xGa\" style=\"word-break: break-all; font-family: \'PingFang SC\'; font-size: 14px; letter-spacing: normal; color: rgb(78, 78, 78); line-height: 16px; margin-top: 14px; white-space: nowrap; overflow: hidden; margin-right: -6px; margin-left: -6px; font-style: normal; font-variant-ligatures: normal; font-variant-caps: normal; font-weight: 400; orphans: 2; text-align: start; text-indent: 0px; text-transform: none; widows: 2; word-spacing: 0px; -webkit-text-stroke-width: 0px; background-color: rgb(255, 255, 255); text-decoration-style: initial; text-decoration-color: initial;\"><span class=\"Attrs--attr--33ShB6X\" style=\"display: inline-block; width: 253.969px; text-overflow: ellipsis; overflow: hidden; padding: 0px 6px; box-sizing: border-box;\" title=\"售卖方式：产地直销\">售卖方式：产地直销</span><span class=\"Attrs--attr--33ShB6X\" style=\"display: inline-block; width: 253.969px; text-overflow: ellipsis; overflow: hidden; padding: 0px 6px; box-sizing: border-box;\" title=\"套餐份量：3人份\">套餐份量：3人份</span><span class=\"Attrs--attr--33ShB6X\" style=\"display: inline-block; width: 253.969px; text-overflow: ellipsis; overflow: hidden; padding: 0px 6px; box-sizing: border-box;\" title=\"套餐周期：2周\">套餐周期：2周</span></div>\n<div class=\"Attrs--attrSection--2_G8xGa\" style=\"word-break: break-all; font-family: \'PingFang SC\'; font-size: 14px; letter-spacing: normal; color: rgb(78, 78, 78); line-height: 16px; margin-top: 14px; white-space: nowrap; overflow: hidden; margin-right: -6px; margin-left: -6px; font-style: normal; font-variant-ligatures: normal; font-variant-caps: normal; font-weight: 400; orphans: 2; text-align: start; text-indent: 0px; text-transform: none; widows: 2; word-spacing: 0px; -webkit-text-stroke-width: 0px; background-color: rgb(255, 255, 255); text-decoration-style: initial; text-decoration-color: initial;\"><span class=\"Attrs--attr--33ShB6X\" style=\"display: inline-block; width: 253.969px; text-overflow: ellipsis; overflow: hidden; padding: 0px 6px; box-sizing: border-box;\" title=\"配送频次：1周2次\">配送频次：1周2次</span><span class=\"Attrs--attr--33ShB6X\" style=\"display: inline-block; width: 253.969px; text-overflow: ellipsis; overflow: hidden; padding: 0px 6px; box-sizing: border-box;\" title=\"蔬菜品种：紫心红薯\">蔬菜品种：紫心红薯</span><span class=\"Attrs--attr--33ShB6X\" style=\"display: inline-block; width: 253.969px; text-overflow: ellipsis; overflow: hidden; padding: 0px 6px; box-sizing: border-box;\" title=\"净含量：3斤 5斤 9斤\">净含量：3斤 5斤 9斤</span></div>\n<div class=\"Attrs--attrSection--2_G8xGa\" style=\"word-break: break-all; font-family: \'PingFang SC\'; font-size: 14px; letter-spacing: normal; color: rgb(78, 78, 78); line-height: 16px; margin-top: 14px; white-space: nowrap; overflow: hidden; margin-right: -6px; margin-left: -6px; font-style: normal; font-variant-ligatures: normal; font-variant-caps: normal; font-weight: 400; orphans: 2; text-align: start; text-indent: 0px; text-transform: none; widows: 2; word-spacing: 0px; -webkit-text-stroke-width: 0px; background-color: rgb(255, 255, 255); text-decoration-style: initial; text-decoration-color: initial;\"><span class=\"Attrs--attr--33ShB6X\" style=\"display: inline-block; width: 253.969px; text-overflow: ellipsis; overflow: hidden; padding: 0px 6px; box-sizing: border-box;\" title=\"单果规格：小果 中果 大果\">单果规格：小果 中果 大果</span><span class=\"Attrs--attr--33ShB6X\" style=\"display: inline-block; width: 253.969px; text-overflow: ellipsis; overflow: hidden; padding: 0px 6px; box-sizing: border-box;\" title=\"生鲜储存温度：0-8℃\">生鲜储存温度：0-8℃</span><span class=\"Attrs--attr--33ShB6X\" style=\"display: inline-block; width: 253.969px; text-overflow: ellipsis; overflow: hidden; padding: 0px 6px; box-sizing: border-box;\" title=\"储存条件：常温\">储存条件：常温</span></div>\n<div class=\"Attrs--attrSection--2_G8xGa\" style=\"word-break: break-all; font-family: \'PingFang SC\'; font-size: 14px; letter-spacing: normal; color: rgb(78, 78, 78); line-height: 16px; margin-top: 14px; white-space: nowrap; overflow: hidden; margin-right: -6px; margin-left: -6px; font-style: normal; font-variant-ligatures: normal; font-variant-caps: normal; font-weight: 400; orphans: 2; text-align: start; text-indent: 0px; text-transform: none; widows: 2; word-spacing: 0px; -webkit-text-stroke-width: 0px; background-color: rgb(255, 255, 255); text-decoration-style: initial; text-decoration-color: initial;\"><span class=\"Attrs--attr--33ShB6X\" style=\"display: inline-block; width: 253.969px; text-overflow: ellipsis; overflow: hidden; padding: 0px 6px; box-sizing: border-box;\" title=\"食用方式：蒸煮食用\">食用方式：蒸煮食用</span><span class=\"Attrs--attr--33ShB6X\" style=\"display: inline-block; width: 253.969px; text-overflow: ellipsis; overflow: hidden; padding: 0px 6px; box-sizing: border-box;\" title=\"厂名：山东壹亩地瓜农业科技有限公司\">厂名：山东壹亩地瓜农业科技有限公司</span><span class=\"Attrs--attr--33ShB6X\" style=\"display: inline-block; width: 253.969px; text-overflow: ellipsis; overflow: hidden; padding: 0px 6px; box-sizing: border-box;\" title=\"厂址：山东省济南市高新区新泺大街鑫盛大厦2号楼24层\">厂址：山东省济南市高新区新泺大街鑫盛大厦2号楼24层</span></div>\n<div class=\"Attrs--attrSection--2_G8xGa\" style=\"word-break: break-all; font-family: \'PingFang SC\'; font-size: 14px; letter-spacing: normal; color: rgb(78, 78, 78); line-height: 16px; margin-top: 14px; white-space: nowrap; overflow: hidden; margin-right: -6px; margin-left: -6px; font-style: normal; font-variant-ligatures: normal; font-variant-caps: normal; font-weight: 400; orphans: 2; text-align: start; text-indent: 0px; text-transform: none; widows: 2; word-spacing: 0px; -webkit-text-stroke-width: 0px; background-color: rgb(255, 255, 255); text-decoration-style: initial; text-decoration-color: initial;\"><span class=\"Attrs--attr--33ShB6X\" style=\"display: inline-block; width: 253.969px; text-overflow: ellipsis; overflow: hidden; padding: 0px 6px; box-sizing: border-box;\" title=\"厂家联系方式：0531-67885263\">厂家联系方式：0531-67885263</span><span class=\"Attrs--attr--33ShB6X\" style=\"display: inline-block; width: 253.969px; text-overflow: ellipsis; overflow: hidden; padding: 0px 6px; box-sizing: border-box;\" title=\"保质期：15\">保质期：15</span></div>\n</div>', '100');
INSERT INTO `shangpin` VALUES (17, '032922398317', '圣女果小黄瓜新鲜组合樱桃番茄水果青瓜千禧西红柿子生吃2斤', 13, '/upload/62435292e7af7b68a68c3e9e86985836.png', 100, 293, 38.80, '<div class=\"Attrs--attrSection--2_G8xGa\" style=\"word-break: break-all; font-family: \'PingFang SC\'; font-size: 14px; letter-spacing: normal; color: rgb(78, 78, 78); line-height: 16px; margin-top: 14px; white-space: nowrap; overflow: hidden; margin-right: -6px; margin-left: -6px; font-style: normal; font-variant-ligatures: normal; font-variant-caps: normal; font-weight: 400; orphans: 2; text-align: start; text-indent: 0px; text-transform: none; widows: 2; word-spacing: 0px; -webkit-text-stroke-width: 0px; background-color: rgb(255, 255, 255); text-decoration-thickness: initial; text-decoration-style: initial; text-decoration-color: initial;\">\n<div class=\"Attrs--attrSection--2_G8xGa\" style=\"word-break: break-all; font-family: \'PingFang SC\'; font-size: 14px; letter-spacing: normal; color: rgb(78, 78, 78); line-height: 16px; margin-top: 14px; white-space: nowrap; overflow: hidden; margin-right: -6px; margin-left: -6px; font-style: normal; font-variant-ligatures: normal; font-variant-caps: normal; font-weight: 400; orphans: 2; text-align: start; text-indent: 0px; text-transform: none; widows: 2; word-spacing: 0px; -webkit-text-stroke-width: 0px; background-color: rgb(255, 255, 255); text-decoration-style: initial; text-decoration-color: initial;\"><span class=\"Attrs--attr--33ShB6X\" style=\"display: inline-block; width: 253.969px; text-overflow: ellipsis; overflow: hidden; padding: 0px 6px; box-sizing: border-box;\" title=\"品牌：农大姐妹\" data-spm-anchor-id=\"pc_detail.27183998/evo365560b447259.202206.i0.569f7dd67qoBHl\">品牌：农大姐妹</span><span class=\"Attrs--attr--33ShB6X\" style=\"display: inline-block; width: 253.969px; text-overflow: ellipsis; overflow: hidden; padding: 0px 6px; box-sizing: border-box;\" title=\"系列：小黄瓜小番茄\">系列：小黄瓜小番茄</span><span class=\"Attrs--attr--33ShB6X\" style=\"display: inline-block; width: 253.969px; text-overflow: ellipsis; overflow: hidden; padding: 0px 6px; box-sizing: border-box;\" title=\"规格：1-5斤\">规格：1-5斤</span></div>\n<div class=\"Attrs--attrSection--2_G8xGa\" style=\"word-break: break-all; font-family: \'PingFang SC\'; font-size: 14px; letter-spacing: normal; color: rgb(78, 78, 78); line-height: 16px; margin-top: 14px; white-space: nowrap; overflow: hidden; margin-right: -6px; margin-left: -6px; font-style: normal; font-variant-ligatures: normal; font-variant-caps: normal; font-weight: 400; orphans: 2; text-align: start; text-indent: 0px; text-transform: none; widows: 2; word-spacing: 0px; -webkit-text-stroke-width: 0px; background-color: rgb(255, 255, 255); text-decoration-style: initial; text-decoration-color: initial;\"><span class=\"Attrs--attr--33ShB6X\" style=\"display: inline-block; width: 253.969px; text-overflow: ellipsis; overflow: hidden; padding: 0px 6px; box-sizing: border-box;\" title=\"产地：中国大陆\">产地：中国大陆</span><span class=\"Attrs--attr--33ShB6X\" style=\"display: inline-block; width: 253.969px; text-overflow: ellipsis; overflow: hidden; padding: 0px 6px; box-sizing: border-box;\" title=\"省份：山东省\">省份：山东省</span><span class=\"Attrs--attr--33ShB6X\" style=\"display: inline-block; width: 253.969px; text-overflow: ellipsis; overflow: hidden; padding: 0px 6px; box-sizing: border-box;\" title=\"城市：潍坊市\">城市：潍坊市</span></div>\n<div class=\"Attrs--attrSection--2_G8xGa\" style=\"word-break: break-all; font-family: \'PingFang SC\'; font-size: 14px; letter-spacing: normal; color: rgb(78, 78, 78); line-height: 16px; margin-top: 14px; white-space: nowrap; overflow: hidden; margin-right: -6px; margin-left: -6px; font-style: normal; font-variant-ligatures: normal; font-variant-caps: normal; font-weight: 400; orphans: 2; text-align: start; text-indent: 0px; text-transform: none; widows: 2; word-spacing: 0px; -webkit-text-stroke-width: 0px; background-color: rgb(255, 255, 255); text-decoration-style: initial; text-decoration-color: initial;\"><span class=\"Attrs--attr--33ShB6X\" style=\"display: inline-block; width: 253.969px; text-overflow: ellipsis; overflow: hidden; padding: 0px 6px; box-sizing: border-box;\" title=\"包装方式：散装\">包装方式：散装</span><span class=\"Attrs--attr--33ShB6X\" style=\"display: inline-block; width: 253.969px; text-overflow: ellipsis; overflow: hidden; padding: 0px 6px; box-sizing: border-box;\" title=\"套餐份量：1人份\">套餐份量：1人份</span><span class=\"Attrs--attr--33ShB6X\" style=\"display: inline-block; width: 253.969px; text-overflow: ellipsis; overflow: hidden; padding: 0px 6px; box-sizing: border-box;\" title=\"品种：水果黄瓜\">品种：水果黄瓜</span></div>\n<div class=\"Attrs--attrSection--2_G8xGa\" style=\"word-break: break-all; font-family: \'PingFang SC\'; font-size: 14px; letter-spacing: normal; color: rgb(78, 78, 78); line-height: 16px; margin-top: 14px; white-space: nowrap; overflow: hidden; margin-right: -6px; margin-left: -6px; font-style: normal; font-variant-ligatures: normal; font-variant-caps: normal; font-weight: 400; orphans: 2; text-align: start; text-indent: 0px; text-transform: none; widows: 2; word-spacing: 0px; -webkit-text-stroke-width: 0px; background-color: rgb(255, 255, 255); text-decoration-style: initial; text-decoration-color: initial;\"><span class=\"Attrs--attr--33ShB6X\" style=\"display: inline-block; width: 253.969px; text-overflow: ellipsis; overflow: hidden; padding: 0px 6px; box-sizing: border-box;\" title=\"净含量：1000g 1500g 2000g 2500g\">净含量：1000g 1500g 2000g 2500g</span><span class=\"Attrs--attr--33ShB6X\" style=\"display: inline-block; width: 253.969px; text-overflow: ellipsis; overflow: hidden; padding: 0px 6px; box-sizing: border-box;\" title=\"储存条件：冷藏\">储存条件：冷藏</span><span class=\"Attrs--attr--33ShB6X\" style=\"display: inline-block; width: 253.969px; text-overflow: ellipsis; overflow: hidden; padding: 0px 6px; box-sizing: border-box;\" title=\"食用方式：即食\">食用方式：即食</span></div>\n<div class=\"Attrs--attrSection--2_G8xGa\" style=\"word-break: break-all; font-family: \'PingFang SC\'; font-size: 14px; letter-spacing: normal; color: rgb(78, 78, 78); line-height: 16px; margin-top: 14px; white-space: nowrap; overflow: hidden; margin-right: -6px; margin-left: -6px; font-style: normal; font-variant-ligatures: normal; font-variant-caps: normal; font-weight: 400; orphans: 2; text-align: start; text-indent: 0px; text-transform: none; widows: 2; word-spacing: 0px; -webkit-text-stroke-width: 0px; background-color: rgb(255, 255, 255); text-decoration-style: initial; text-decoration-color: initial;\"><span class=\"Attrs--attr--33ShB6X\" style=\"display: inline-block; width: 253.969px; text-overflow: ellipsis; overflow: hidden; padding: 0px 6px; box-sizing: border-box;\" title=\"厂名：山东鲁绿庄园生态农场\">厂名：山东鲁绿庄园生态农场</span><span class=\"Attrs--attr--33ShB6X\" style=\"display: inline-block; width: 253.969px; text-overflow: ellipsis; overflow: hidden; padding: 0px 6px; box-sizing: border-box;\" title=\"厂址：山东省潍坊市\">厂址：山东省潍坊市</span><span class=\"Attrs--attr--33ShB6X\" style=\"display: inline-block; width: 253.969px; text-overflow: ellipsis; overflow: hidden; padding: 0px 6px; box-sizing: border-box;\" title=\"厂家联系方式：05368108280\">厂家联系方式：05368108280</span></div>\n<div class=\"Attrs--attrSection--2_G8xGa\" style=\"word-break: break-all; font-family: \'PingFang SC\'; font-size: 14px; letter-spacing: normal; color: rgb(78, 78, 78); line-height: 16px; margin-top: 14px; white-space: nowrap; overflow: hidden; margin-right: -6px; margin-left: -6px; font-style: normal; font-variant-ligatures: normal; font-variant-caps: normal; font-weight: 400; orphans: 2; text-align: start; text-indent: 0px; text-transform: none; widows: 2; word-spacing: 0px; -webkit-text-stroke-width: 0px; background-color: rgb(255, 255, 255); text-decoration-style: initial; text-decoration-color: initial;\"><span class=\"Attrs--attr--33ShB6X\" style=\"display: inline-block; width: 253.969px; text-overflow: ellipsis; overflow: hidden; padding: 0px 6px; box-sizing: border-box;\" title=\"配料表：小黄瓜 小番茄\">配料表：小黄瓜 小番茄</span><span class=\"Attrs--attr--33ShB6X\" style=\"display: inline-block; width: 253.969px; text-overflow: ellipsis; overflow: hidden; padding: 0px 6px; box-sizing: border-box;\" title=\"储藏方法：5度\">储藏方法：5度</span><span class=\"Attrs--attr--33ShB6X\" style=\"display: inline-block; width: 253.969px; text-overflow: ellipsis; overflow: hidden; padding: 0px 6px; box-sizing: border-box; color: rgb(0, 0, 0);\" title=\"保质期：10\">保质期：10</span></div>\n</div>', '100');
INSERT INTO `shangpin` VALUES (18, '032922398317', '绿心海沃德猕猴桃新鲜水果3斤', 12, '/upload/cf80c4a05d7cf4db0cdda502516ab917.png', 100, 292, 21.80, '<div class=\"Attrs--attrSection--2_G8xGa\" style=\"word-break: break-all; font-family: \'PingFang SC\'; font-size: 14px; letter-spacing: normal; color: rgb(78, 78, 78); line-height: 16px; margin-top: 14px; white-space: nowrap; overflow: hidden; margin-right: -6px; margin-left: -6px; font-style: normal; font-variant-ligatures: normal; font-variant-caps: normal; font-weight: 400; orphans: 2; text-align: start; text-indent: 0px; text-transform: none; widows: 2; word-spacing: 0px; -webkit-text-stroke-width: 0px; background-color: rgb(255, 255, 255); text-decoration-thickness: initial; text-decoration-style: initial; text-decoration-color: initial;\">\n<div class=\"Attrs--attrSection--2_G8xGa\" style=\"word-break: break-all; font-family: \'PingFang SC\'; font-size: 14px; letter-spacing: normal; color: rgb(78, 78, 78); line-height: 16px; margin-top: 14px; white-space: nowrap; overflow: hidden; margin-right: -6px; margin-left: -6px; font-style: normal; font-variant-ligatures: normal; font-variant-caps: normal; font-weight: 400; orphans: 2; text-align: start; text-indent: 0px; text-transform: none; widows: 2; word-spacing: 0px; -webkit-text-stroke-width: 0px; background-color: rgb(255, 255, 255); text-decoration-style: initial; text-decoration-color: initial;\"><span class=\"Attrs--attr--33ShB6X\" style=\"display: inline-block; width: 253.969px; text-overflow: ellipsis; overflow: hidden; padding: 0px 6px; box-sizing: border-box;\" title=\"品牌：聚小美\">品牌：聚小美</span><span class=\"Attrs--attr--33ShB6X\" style=\"display: inline-block; width: 253.969px; text-overflow: ellipsis; overflow: hidden; padding: 0px 6px; box-sizing: border-box;\" title=\"系列：绿心\">系列：绿心</span><span class=\"Attrs--attr--33ShB6X\" style=\"display: inline-block; width: 253.969px; text-overflow: ellipsis; overflow: hidden; padding: 0px 6px; box-sizing: border-box;\" title=\"产地：中国大陆\">产地：中国大陆</span></div>\n<div class=\"Attrs--attrSection--2_G8xGa\" style=\"word-break: break-all; font-family: \'PingFang SC\'; font-size: 14px; letter-spacing: normal; color: rgb(78, 78, 78); line-height: 16px; margin-top: 14px; white-space: nowrap; overflow: hidden; margin-right: -6px; margin-left: -6px; font-style: normal; font-variant-ligatures: normal; font-variant-caps: normal; font-weight: 400; orphans: 2; text-align: start; text-indent: 0px; text-transform: none; widows: 2; word-spacing: 0px; -webkit-text-stroke-width: 0px; background-color: rgb(255, 255, 255); text-decoration-style: initial; text-decoration-color: initial;\"><span class=\"Attrs--attr--33ShB6X\" style=\"display: inline-block; width: 253.969px; text-overflow: ellipsis; overflow: hidden; padding: 0px 6px; box-sizing: border-box;\" title=\"省份：陕西省\">省份：陕西省</span><span class=\"Attrs--attr--33ShB6X\" style=\"display: inline-block; width: 253.969px; text-overflow: ellipsis; overflow: hidden; padding: 0px 6px; box-sizing: border-box;\" title=\"城市：西安市\">城市：西安市</span><span class=\"Attrs--attr--33ShB6X\" style=\"display: inline-block; width: 253.969px; text-overflow: ellipsis; overflow: hidden; padding: 0px 6px; box-sizing: border-box;\" title=\"包装种类：箱装\">包装种类：箱装</span></div>\n<div class=\"Attrs--attrSection--2_G8xGa\" style=\"word-break: break-all; font-family: \'PingFang SC\'; font-size: 14px; letter-spacing: normal; color: rgb(78, 78, 78); line-height: 16px; margin-top: 14px; white-space: nowrap; overflow: hidden; margin-right: -6px; margin-left: -6px; font-style: normal; font-variant-ligatures: normal; font-variant-caps: normal; font-weight: 400; orphans: 2; text-align: start; text-indent: 0px; text-transform: none; widows: 2; word-spacing: 0px; -webkit-text-stroke-width: 0px; background-color: rgb(255, 255, 255); text-decoration-style: initial; text-decoration-color: initial;\"><span class=\"Attrs--attr--33ShB6X\" style=\"display: inline-block; width: 253.969px; text-overflow: ellipsis; overflow: hidden; padding: 0px 6px; box-sizing: border-box;\" title=\"包装方式：包装\">包装方式：包装</span><span class=\"Attrs--attr--33ShB6X\" style=\"display: inline-block; width: 253.969px; text-overflow: ellipsis; overflow: hidden; padding: 0px 6px; box-sizing: border-box;\" title=\"水果种类：绿心 海沃德\">水果种类：绿心 海沃德</span><span class=\"Attrs--attr--33ShB6X\" style=\"display: inline-block; width: 253.969px; text-overflow: ellipsis; overflow: hidden; padding: 0px 6px; box-sizing: border-box;\" title=\"单箱规格：3斤装 5斤装 9斤装\">单箱规格：3斤装 5斤装 9斤装</span></div>\n<div class=\"Attrs--attrSection--2_G8xGa\" style=\"word-break: break-all; font-family: \'PingFang SC\'; font-size: 14px; letter-spacing: normal; color: rgb(78, 78, 78); line-height: 16px; margin-top: 14px; white-space: nowrap; overflow: hidden; margin-right: -6px; margin-left: -6px; font-style: normal; font-variant-ligatures: normal; font-variant-caps: normal; font-weight: 400; orphans: 2; text-align: start; text-indent: 0px; text-transform: none; widows: 2; word-spacing: 0px; -webkit-text-stroke-width: 0px; background-color: rgb(255, 255, 255); text-decoration-style: initial; text-decoration-color: initial;\"><span class=\"Attrs--attr--33ShB6X\" style=\"display: inline-block; width: 253.969px; text-overflow: ellipsis; overflow: hidden; padding: 0px 6px; box-sizing: border-box;\" title=\"净含量：1500g\">净含量：1500g</span><span class=\"Attrs--attr--33ShB6X\" style=\"display: inline-block; width: 253.969px; text-overflow: ellipsis; overflow: hidden; padding: 0px 6px; box-sizing: border-box;\" title=\"单果重量：中果【单果80-100g】 大果【单果100-120g】 特大果【单果120g以上】\">单果重量：中果【单果80-100g】 大果【单果100-120g】 特大果【单果120g以上】</span><span class=\"Attrs--attr--33ShB6X\" style=\"display: inline-block; width: 253.969px; text-overflow: ellipsis; overflow: hidden; padding: 0px 6px; box-sizing: border-box;\" title=\"厂名：聚小美\">厂名：聚小美</span></div>\n<div class=\"Attrs--attrSection--2_G8xGa\" style=\"word-break: break-all; font-family: \'PingFang SC\'; font-size: 14px; letter-spacing: normal; color: rgb(78, 78, 78); line-height: 16px; margin-top: 14px; white-space: nowrap; overflow: hidden; margin-right: -6px; margin-left: -6px; font-style: normal; font-variant-ligatures: normal; font-variant-caps: normal; font-weight: 400; orphans: 2; text-align: start; text-indent: 0px; text-transform: none; widows: 2; word-spacing: 0px; -webkit-text-stroke-width: 0px; background-color: rgb(255, 255, 255); text-decoration-style: initial; text-decoration-color: initial;\"><span class=\"Attrs--attr--33ShB6X\" style=\"display: inline-block; width: 253.969px; text-overflow: ellipsis; overflow: hidden; padding: 0px 6px; box-sizing: border-box;\" title=\"厂址：聚小美\">厂址：聚小美</span><span class=\"Attrs--attr--33ShB6X\" style=\"display: inline-block; width: 253.969px; text-overflow: ellipsis; overflow: hidden; padding: 0px 6px; box-sizing: border-box; color: rgb(0, 0, 0);\" title=\"保质期：7\">保质期：7</span></div>\n</div>', '100');
INSERT INTO `shangpin` VALUES (19, '032922398317', '进口红毛丹水果新鲜毛荔枝1斤新鲜水果', 12, '/upload/677bd407182a558f15b60eb683231de2.png', 300, 100, 18.80, '<div class=\"Attrs--attrSection--2_G8xGa\" style=\"word-break: break-all; font-family: \'PingFang SC\'; font-size: 14px; letter-spacing: normal; color: rgb(78, 78, 78); line-height: 16px; margin-top: 14px; white-space: nowrap; overflow: hidden; margin-right: -6px; margin-left: -6px; font-style: normal; font-variant-ligatures: normal; font-variant-caps: normal; font-weight: 400; orphans: 2; text-align: start; text-indent: 0px; text-transform: none; widows: 2; word-spacing: 0px; -webkit-text-stroke-width: 0px; background-color: rgb(255, 255, 255); text-decoration-thickness: initial; text-decoration-style: initial; text-decoration-color: initial;\">\n<div class=\"Attrs--attrSection--2_G8xGa\" style=\"word-break: break-all; font-family: \'PingFang SC\'; font-size: 14px; letter-spacing: normal; color: rgb(78, 78, 78); line-height: 16px; margin-top: 14px; white-space: nowrap; overflow: hidden; margin-right: -6px; margin-left: -6px; font-style: normal; font-variant-ligatures: normal; font-variant-caps: normal; font-weight: 400; orphans: 2; text-align: start; text-indent: 0px; text-transform: none; widows: 2; word-spacing: 0px; -webkit-text-stroke-width: 0px; background-color: rgb(255, 255, 255); text-decoration-style: initial; text-decoration-color: initial;\"><span class=\"Attrs--attr--33ShB6X\" style=\"display: inline-block; width: 253.969px; text-overflow: ellipsis; overflow: hidden; padding: 0px 6px; box-sizing: border-box;\" title=\"品牌：满鲜喜\" data-spm-anchor-id=\"pc_detail.27183998/evo365560b447259.202206.i0.38957dd62Kr41m\">品牌：满鲜喜</span><span class=\"Attrs--attr--33ShB6X\" style=\"display: inline-block; width: 253.969px; text-overflow: ellipsis; overflow: hidden; padding: 0px 6px; box-sizing: border-box;\" title=\"产地：中国大陆\">产地：中国大陆</span><span class=\"Attrs--attr--33ShB6X\" style=\"display: inline-block; width: 253.969px; text-overflow: ellipsis; overflow: hidden; padding: 0px 6px; box-sizing: border-box;\" title=\"省份：云南省\">省份：云南省</span></div>\n<div class=\"Attrs--attrSection--2_G8xGa\" style=\"word-break: break-all; font-family: \'PingFang SC\'; font-size: 14px; letter-spacing: normal; color: rgb(78, 78, 78); line-height: 16px; margin-top: 14px; white-space: nowrap; overflow: hidden; margin-right: -6px; margin-left: -6px; font-style: normal; font-variant-ligatures: normal; font-variant-caps: normal; font-weight: 400; orphans: 2; text-align: start; text-indent: 0px; text-transform: none; widows: 2; word-spacing: 0px; -webkit-text-stroke-width: 0px; background-color: rgb(255, 255, 255); text-decoration-style: initial; text-decoration-color: initial;\"><span class=\"Attrs--attr--33ShB6X\" style=\"display: inline-block; width: 253.969px; text-overflow: ellipsis; overflow: hidden; padding: 0px 6px; box-sizing: border-box;\" title=\"是否为有机食品：否\">是否为有机食品：否</span><span class=\"Attrs--attr--33ShB6X\" style=\"display: inline-block; width: 253.969px; text-overflow: ellipsis; overflow: hidden; padding: 0px 6px; box-sizing: border-box;\" title=\"重量：1斤 3斤 5斤\">重量：1斤 3斤 5斤</span><span class=\"Attrs--attr--33ShB6X\" style=\"display: inline-block; width: 253.969px; text-overflow: ellipsis; overflow: hidden; padding: 0px 6px; box-sizing: border-box;\" title=\"包装方式：包装\">包装方式：包装</span></div>\n<div class=\"Attrs--attrSection--2_G8xGa\" style=\"word-break: break-all; font-family: \'PingFang SC\'; font-size: 14px; letter-spacing: normal; color: rgb(78, 78, 78); line-height: 16px; margin-top: 14px; white-space: nowrap; overflow: hidden; margin-right: -6px; margin-left: -6px; font-style: normal; font-variant-ligatures: normal; font-variant-caps: normal; font-weight: 400; orphans: 2; text-align: start; text-indent: 0px; text-transform: none; widows: 2; word-spacing: 0px; -webkit-text-stroke-width: 0px; background-color: rgb(255, 255, 255); text-decoration-style: initial; text-decoration-color: initial;\"><span class=\"Attrs--attr--33ShB6X\" style=\"display: inline-block; width: 253.969px; text-overflow: ellipsis; overflow: hidden; padding: 0px 6px; box-sizing: border-box;\" title=\"生鲜储存温度：8-15℃\">生鲜储存温度：8-15℃</span><span class=\"Attrs--attr--33ShB6X\" style=\"display: inline-block; width: 253.969px; text-overflow: ellipsis; overflow: hidden; padding: 0px 6px; box-sizing: border-box;\" title=\"厂名：满鲜喜旗舰店\">厂名：满鲜喜旗舰店</span><span class=\"Attrs--attr--33ShB6X\" style=\"display: inline-block; width: 253.969px; text-overflow: ellipsis; overflow: hidden; padding: 0px 6px; box-sizing: border-box;\" title=\"厂址：满鲜喜旗舰店\">厂址：满鲜喜旗舰店</span></div>\n<div class=\"Attrs--attrSection--2_G8xGa\" style=\"word-break: break-all; font-family: \'PingFang SC\'; font-size: 14px; letter-spacing: normal; color: rgb(78, 78, 78); line-height: 16px; margin-top: 14px; white-space: nowrap; overflow: hidden; margin-right: -6px; margin-left: -6px; font-style: normal; font-variant-ligatures: normal; font-variant-caps: normal; font-weight: 400; orphans: 2; text-align: start; text-indent: 0px; text-transform: none; widows: 2; word-spacing: 0px; -webkit-text-stroke-width: 0px; background-color: rgb(255, 255, 255); text-decoration-style: initial; text-decoration-color: initial;\"><span class=\"Attrs--attr--33ShB6X\" style=\"display: inline-block; width: 253.969px; text-overflow: ellipsis; overflow: hidden; padding: 0px 6px; box-sizing: border-box;\" title=\"保质期：3\">保质期：3</span></div>\n</div>', '100');
INSERT INTO `shangpin` VALUES (20, '032922398317', '新鲜黄心土豆当季蔬菜迷你马铃薯洋芋5斤', 13, '/upload/706d72a21f668bfd4302aeae51d2db36.png', 100, 298, 18.80, '<div class=\"desc-root\" style=\"word-break: break-all; color: rgb(0, 0, 0); font-family: tahoma, arial, \'Hiragino Sans GB\', 宋体, sans-serif; font-size: 12px; font-style: normal; font-variant-ligatures: normal; font-variant-caps: normal; font-weight: 400; letter-spacing: normal; orphans: 2; text-align: start; text-indent: 0px; text-transform: none; white-space: normal; widows: 2; word-spacing: 0px; -webkit-text-stroke-width: 0px; background-color: rgb(255, 255, 255); text-decoration-thickness: initial; text-decoration-style: initial; text-decoration-color: initial;\">\n<div class=\"descV8-container\" style=\"word-break: break-all; background-color: rgb(255, 255, 255);\">\n<div class=\"descV8-singleImage\" style=\"word-break: break-all; position: relative; width: 750px; overflow: hidden;\">\n<div class=\"Attrs--attrSection--2_G8xGa\" style=\"word-break: break-all; font-family: \'PingFang SC\'; font-size: 14px; letter-spacing: normal; color: rgb(78, 78, 78); line-height: 16px; margin-top: 14px; white-space: nowrap; overflow: hidden; margin-right: -6px; margin-left: -6px; font-style: normal; font-variant-ligatures: normal; font-variant-caps: normal; font-weight: 400; orphans: 2; text-align: start; text-indent: 0px; text-transform: none; widows: 2; word-spacing: 0px; -webkit-text-stroke-width: 0px; background-color: rgb(255, 255, 255); text-decoration-style: initial; text-decoration-color: initial;\"><span class=\"Attrs--attr--33ShB6X\" style=\"display: inline-block; width: 253.969px; text-overflow: ellipsis; overflow: hidden; padding: 0px 6px; box-sizing: border-box;\" title=\"品牌：华秧\" data-spm-anchor-id=\"pc_detail.27183998/evo365560b447259.202206.i0.42f07dd6YrZeNt\">品牌：华秧</span><span class=\"Attrs--attr--33ShB6X\" style=\"display: inline-block; width: 253.969px; text-overflow: ellipsis; overflow: hidden; padding: 0px 6px; box-sizing: border-box;\" title=\"产地：中国大陆\">产地：中国大陆</span><span class=\"Attrs--attr--33ShB6X\" style=\"display: inline-block; width: 253.969px; text-overflow: ellipsis; overflow: hidden; padding: 0px 6px; box-sizing: border-box;\" title=\"省份：湖北省\">省份：湖北省</span></div>\n<div class=\"Attrs--attrSection--2_G8xGa\" style=\"word-break: break-all; font-family: \'PingFang SC\'; font-size: 14px; letter-spacing: normal; color: rgb(78, 78, 78); line-height: 16px; margin-top: 14px; white-space: nowrap; overflow: hidden; margin-right: -6px; margin-left: -6px; font-style: normal; font-variant-ligatures: normal; font-variant-caps: normal; font-weight: 400; orphans: 2; text-align: start; text-indent: 0px; text-transform: none; widows: 2; word-spacing: 0px; -webkit-text-stroke-width: 0px; background-color: rgb(255, 255, 255); text-decoration-style: initial; text-decoration-color: initial;\"><span class=\"Attrs--attr--33ShB6X\" style=\"display: inline-block; width: 253.969px; text-overflow: ellipsis; overflow: hidden; padding: 0px 6px; box-sizing: border-box;\" title=\"城市：恩施土家族苗族自治州\">城市：恩施土家族苗族自治州</span><span class=\"Attrs--attr--33ShB6X\" style=\"display: inline-block; width: 253.969px; text-overflow: ellipsis; overflow: hidden; padding: 0px 6px; box-sizing: border-box;\" title=\"是否为有机食品：否\">是否为有机食品：否</span><span class=\"Attrs--attr--33ShB6X\" style=\"display: inline-block; width: 253.969px; text-overflow: ellipsis; overflow: hidden; padding: 0px 6px; box-sizing: border-box;\" title=\"包装方式：散装\">包装方式：散装</span></div>\n<div class=\"Attrs--attrSection--2_G8xGa\" style=\"word-break: break-all; font-family: \'PingFang SC\'; font-size: 14px; letter-spacing: normal; color: rgb(78, 78, 78); line-height: 16px; margin-top: 14px; white-space: nowrap; overflow: hidden; margin-right: -6px; margin-left: -6px; font-style: normal; font-variant-ligatures: normal; font-variant-caps: normal; font-weight: 400; orphans: 2; text-align: start; text-indent: 0px; text-transform: none; widows: 2; word-spacing: 0px; -webkit-text-stroke-width: 0px; background-color: rgb(255, 255, 255); text-decoration-style: initial; text-decoration-color: initial;\"><span class=\"Attrs--attr--33ShB6X\" style=\"display: inline-block; width: 253.969px; text-overflow: ellipsis; overflow: hidden; padding: 0px 6px; box-sizing: border-box;\" title=\"上市时间：3月 11月 9月 1月 4月 5月 10月 6月 12月 7月 8月 2月\">上市时间：3月 11月 9月 1月 4月 5月 10月 6月 12月 7月 8月 2月</span><span class=\"Attrs--attr--33ShB6X\" style=\"display: inline-block; width: 253.969px; text-overflow: ellipsis; overflow: hidden; padding: 0px 6px; box-sizing: border-box;\" title=\"售卖方式：产地直销\">售卖方式：产地直销</span><span class=\"Attrs--attr--33ShB6X\" style=\"display: inline-block; width: 253.969px; text-overflow: ellipsis; overflow: hidden; padding: 0px 6px; box-sizing: border-box;\" title=\"套餐份量：1人份\">套餐份量：1人份</span></div>\n<div class=\"Attrs--attrSection--2_G8xGa\" style=\"word-break: break-all; font-family: \'PingFang SC\'; font-size: 14px; letter-spacing: normal; color: rgb(78, 78, 78); line-height: 16px; margin-top: 14px; white-space: nowrap; overflow: hidden; margin-right: -6px; margin-left: -6px; font-style: normal; font-variant-ligatures: normal; font-variant-caps: normal; font-weight: 400; orphans: 2; text-align: start; text-indent: 0px; text-transform: none; widows: 2; word-spacing: 0px; -webkit-text-stroke-width: 0px; background-color: rgb(255, 255, 255); text-decoration-style: initial; text-decoration-color: initial;\"><span class=\"Attrs--attr--33ShB6X\" style=\"display: inline-block; width: 253.969px; text-overflow: ellipsis; overflow: hidden; padding: 0px 6px; box-sizing: border-box;\" title=\"套餐周期：1周\">套餐周期：1周</span><span class=\"Attrs--attr--33ShB6X\" style=\"display: inline-block; width: 253.969px; text-overflow: ellipsis; overflow: hidden; padding: 0px 6px; box-sizing: border-box;\" title=\"配送频次：1周1次\">配送频次：1周1次</span><span class=\"Attrs--attr--33ShB6X\" style=\"display: inline-block; width: 253.969px; text-overflow: ellipsis; overflow: hidden; padding: 0px 6px; box-sizing: border-box;\" title=\"特产品类：宜昌洋芋\">特产品类：宜昌洋芋</span></div>\n<div class=\"Attrs--attrSection--2_G8xGa\" style=\"word-break: break-all; font-family: \'PingFang SC\'; font-size: 14px; letter-spacing: normal; color: rgb(78, 78, 78); line-height: 16px; margin-top: 14px; white-space: nowrap; overflow: hidden; margin-right: -6px; margin-left: -6px; font-style: normal; font-variant-ligatures: normal; font-variant-caps: normal; font-weight: 400; orphans: 2; text-align: start; text-indent: 0px; text-transform: none; widows: 2; word-spacing: 0px; -webkit-text-stroke-width: 0px; background-color: rgb(255, 255, 255); text-decoration-style: initial; text-decoration-color: initial;\"><span class=\"Attrs--attr--33ShB6X\" style=\"display: inline-block; width: 253.969px; text-overflow: ellipsis; overflow: hidden; padding: 0px 6px; box-sizing: border-box;\" title=\"净含量：1500g 2500g 4500g\">净含量：1500g 2500g 4500g</span><span class=\"Attrs--attr--33ShB6X\" style=\"display: inline-block; width: 253.969px; text-overflow: ellipsis; overflow: hidden; padding: 0px 6px; box-sizing: border-box;\" title=\"单果规格：小土豆(约鸡蛋以上大小) 中土豆(约鸭蛋以上大小) 大土豆(约鹅蛋以上大小)\">单果规格：小土豆(约鸡蛋以上大小) 中土豆(约鸭蛋以上大小) 大土豆(约鹅蛋以上大小)</span><span class=\"Attrs--attr--33ShB6X\" style=\"display: inline-block; width: 253.969px; text-overflow: ellipsis; overflow: hidden; padding: 0px 6px; box-sizing: border-box;\" title=\"生鲜储存温度：0-8℃\">生鲜储存温度：0-8℃</span></div>\n<div class=\"Attrs--attrSection--2_G8xGa\" style=\"word-break: break-all; font-family: \'PingFang SC\'; font-size: 14px; letter-spacing: normal; color: rgb(78, 78, 78); line-height: 16px; margin-top: 14px; white-space: nowrap; overflow: hidden; margin-right: -6px; margin-left: -6px; font-style: normal; font-variant-ligatures: normal; font-variant-caps: normal; font-weight: 400; orphans: 2; text-align: start; text-indent: 0px; text-transform: none; widows: 2; word-spacing: 0px; -webkit-text-stroke-width: 0px; background-color: rgb(255, 255, 255); text-decoration-style: initial; text-decoration-color: initial;\"><span class=\"Attrs--attr--33ShB6X\" style=\"display: inline-block; width: 253.969px; text-overflow: ellipsis; overflow: hidden; padding: 0px 6px; box-sizing: border-box;\" title=\"储存条件：冷藏\">储存条件：冷藏</span><span class=\"Attrs--attr--33ShB6X\" style=\"display: inline-block; width: 253.969px; text-overflow: ellipsis; overflow: hidden; padding: 0px 6px; box-sizing: border-box;\" title=\"食用方式：蒸煮食用\">食用方式：蒸煮食用</span><span class=\"Attrs--attr--33ShB6X\" style=\"display: inline-block; width: 253.969px; text-overflow: ellipsis; overflow: hidden; padding: 0px 6px; box-sizing: border-box;\" title=\"厂名：成都安柠鲜食品有限公司\">厂名：成都安柠鲜食品有限公司</span></div>\n<div class=\"Attrs--attrSection--2_G8xGa\" style=\"word-break: break-all; font-family: \'PingFang SC\'; font-size: 14px; letter-spacing: normal; color: rgb(78, 78, 78); line-height: 16px; margin-top: 14px; white-space: nowrap; overflow: hidden; margin-right: -6px; margin-left: -6px; font-style: normal; font-variant-ligatures: normal; font-variant-caps: normal; font-weight: 400; orphans: 2; text-align: start; text-indent: 0px; text-transform: none; widows: 2; word-spacing: 0px; -webkit-text-stroke-width: 0px; background-color: rgb(255, 255, 255); text-decoration-style: initial; text-decoration-color: initial;\"><span class=\"Attrs--attr--33ShB6X\" style=\"display: inline-block; width: 253.969px; text-overflow: ellipsis; overflow: hidden; padding: 0px 6px; box-sizing: border-box;\" title=\"厂址：四川省安岳县龙台镇码头村\">厂址：四川省安岳县龙台镇码头村</span><span class=\"Attrs--attr--33ShB6X\" style=\"display: inline-block; width: 253.969px; text-overflow: ellipsis; overflow: hidden; padding: 0px 6px; box-sizing: border-box;\" title=\"厂家联系方式：028&mdash;24880449\">厂家联系方式：028&mdash;24880449</span><span class=\"Attrs--attr--33ShB6X\" style=\"display: inline-block; width: 253.969px; text-overflow: ellipsis; overflow: hidden; padding: 0px 6px; box-sizing: border-box;\" title=\"保质期：7\">保质期：7</span></div>\n</div>\n</div>\n</div>', '006');
INSERT INTO `shangpin` VALUES (21, '032922398317', '10支真空包装黏玉米棒黄糯现摘新鲜甜玉米粒粘真空装即食糯玉米', 13, '/upload/3703907c1aed99091025dd7a4a12c06f.png', 100, 300, 24.80, '<div class=\"Attrs--attrSection--2_G8xGa\" style=\"word-break: break-all; font-family: \'PingFang SC\'; font-size: 14px; letter-spacing: normal; color: rgb(78, 78, 78); line-height: 16px; margin-top: 14px; white-space: nowrap; overflow: hidden; margin-right: -6px; margin-left: -6px; font-style: normal; font-variant-ligatures: normal; font-variant-caps: normal; font-weight: 400; orphans: 2; text-align: start; text-indent: 0px; text-transform: none; widows: 2; word-spacing: 0px; -webkit-text-stroke-width: 0px; background-color: rgb(255, 255, 255); text-decoration-thickness: initial; text-decoration-style: initial; text-decoration-color: initial;\">\n<div class=\"Attrs--attrSection--2_G8xGa\" style=\"word-break: break-all; font-family: \'PingFang SC\'; font-size: 14px; letter-spacing: normal; color: rgb(78, 78, 78); line-height: 16px; margin-top: 14px; white-space: nowrap; overflow: hidden; margin-right: -6px; margin-left: -6px; font-style: normal; font-variant-ligatures: normal; font-variant-caps: normal; font-weight: 400; orphans: 2; text-align: start; text-indent: 0px; text-transform: none; widows: 2; word-spacing: 0px; -webkit-text-stroke-width: 0px; background-color: rgb(255, 255, 255); text-decoration-style: initial; text-decoration-color: initial;\"><span class=\"Attrs--attr--33ShB6X\" style=\"display: inline-block; width: 253.969px; text-overflow: ellipsis; overflow: hidden; padding: 0px 6px; box-sizing: border-box;\" title=\"包装种类：真空包装\">包装种类：真空包装</span><span class=\"Attrs--attr--33ShB6X\" style=\"display: inline-block; width: 253.969px; text-overflow: ellipsis; overflow: hidden; padding: 0px 6px; box-sizing: border-box;\" title=\"是否为有机食品：否\">是否为有机食品：否</span><span class=\"Attrs--attr--33ShB6X\" style=\"display: inline-block; width: 253.969px; text-overflow: ellipsis; overflow: hidden; padding: 0px 6px; box-sizing: border-box;\" title=\"包装方式：包装\">包装方式：包装</span></div>\n<div class=\"Attrs--attrSection--2_G8xGa\" style=\"word-break: break-all; font-family: \'PingFang SC\'; font-size: 14px; letter-spacing: normal; color: rgb(78, 78, 78); line-height: 16px; margin-top: 14px; white-space: nowrap; overflow: hidden; margin-right: -6px; margin-left: -6px; font-style: normal; font-variant-ligatures: normal; font-variant-caps: normal; font-weight: 400; orphans: 2; text-align: start; text-indent: 0px; text-transform: none; widows: 2; word-spacing: 0px; -webkit-text-stroke-width: 0px; background-color: rgb(255, 255, 255); text-decoration-style: initial; text-decoration-color: initial;\"><span class=\"Attrs--attr--33ShB6X\" style=\"display: inline-block; width: 253.969px; text-overflow: ellipsis; overflow: hidden; padding: 0px 6px; box-sizing: border-box;\" title=\"上市时间：10月\">上市时间：10月</span><span class=\"Attrs--attr--33ShB6X\" style=\"display: inline-block; width: 253.969px; text-overflow: ellipsis; overflow: hidden; padding: 0px 6px; box-sizing: border-box;\" title=\"售卖方式：单品\">售卖方式：单品</span><span class=\"Attrs--attr--33ShB6X\" style=\"display: inline-block; width: 253.969px; text-overflow: ellipsis; overflow: hidden; padding: 0px 6px; box-sizing: border-box;\" title=\"套餐份量：1人份\">套餐份量：1人份</span></div>\n<div class=\"Attrs--attrSection--2_G8xGa\" style=\"word-break: break-all; font-family: \'PingFang SC\'; font-size: 14px; letter-spacing: normal; color: rgb(78, 78, 78); line-height: 16px; margin-top: 14px; white-space: nowrap; overflow: hidden; margin-right: -6px; margin-left: -6px; font-style: normal; font-variant-ligatures: normal; font-variant-caps: normal; font-weight: 400; orphans: 2; text-align: start; text-indent: 0px; text-transform: none; widows: 2; word-spacing: 0px; -webkit-text-stroke-width: 0px; background-color: rgb(255, 255, 255); text-decoration-style: initial; text-decoration-color: initial;\"><span class=\"Attrs--attr--33ShB6X\" style=\"display: inline-block; width: 253.969px; text-overflow: ellipsis; overflow: hidden; padding: 0px 6px; box-sizing: border-box;\" title=\"配送频次：1周2次\">配送频次：1周2次</span><span class=\"Attrs--attr--33ShB6X\" style=\"display: inline-block; width: 253.969px; text-overflow: ellipsis; overflow: hidden; padding: 0px 6px; box-sizing: border-box;\" title=\"特产品类：通辽黄玉米\">特产品类：通辽黄玉米</span><span class=\"Attrs--attr--33ShB6X\" style=\"display: inline-block; width: 253.969px; text-overflow: ellipsis; overflow: hidden; padding: 0px 6px; box-sizing: border-box;\" title=\"净含量：0斤\">净含量：10支</span></div>\n<div class=\"Attrs--attrSection--2_G8xGa\" style=\"word-break: break-all; font-family: \'PingFang SC\'; font-size: 14px; letter-spacing: normal; color: rgb(78, 78, 78); line-height: 16px; margin-top: 14px; white-space: nowrap; overflow: hidden; margin-right: -6px; margin-left: -6px; font-style: normal; font-variant-ligatures: normal; font-variant-caps: normal; font-weight: 400; orphans: 2; text-align: start; text-indent: 0px; text-transform: none; widows: 2; word-spacing: 0px; -webkit-text-stroke-width: 0px; background-color: rgb(255, 255, 255); text-decoration-style: initial; text-decoration-color: initial;\"><span class=\"Attrs--attr--33ShB6X\" style=\"display: inline-block; width: 253.969px; text-overflow: ellipsis; overflow: hidden; padding: 0px 6px; box-sizing: border-box;\" title=\"生鲜储存温度：0-8℃\">生鲜储存温度：0-8℃</span><span class=\"Attrs--attr--33ShB6X\" style=\"display: inline-block; width: 253.969px; text-overflow: ellipsis; overflow: hidden; padding: 0px 6px; box-sizing: border-box;\" title=\"储存条件：常温\">储存条件：常温</span><span class=\"Attrs--attr--33ShB6X\" style=\"display: inline-block; width: 253.969px; text-overflow: ellipsis; overflow: hidden; padding: 0px 6px; box-sizing: border-box;\" title=\"食用方式：蒸煮食用\">食用方式：蒸煮食用</span></div>\n<div class=\"Attrs--attrSection--2_G8xGa\" style=\"word-break: break-all; font-family: \'PingFang SC\'; font-size: 14px; letter-spacing: normal; color: rgb(78, 78, 78); line-height: 16px; margin-top: 14px; white-space: nowrap; overflow: hidden; margin-right: -6px; margin-left: -6px; font-style: normal; font-variant-ligatures: normal; font-variant-caps: normal; font-weight: 400; orphans: 2; text-align: start; text-indent: 0px; text-transform: none; widows: 2; word-spacing: 0px; -webkit-text-stroke-width: 0px; background-color: rgb(255, 255, 255); text-decoration-style: initial; text-decoration-color: initial;\"><span class=\"Attrs--attr--33ShB6X\" style=\"display: inline-block; width: 253.969px; text-overflow: ellipsis; overflow: hidden; padding: 0px 6px; box-sizing: border-box;\" title=\"厂名：笑芙旗舰店\">厂名：笑芙旗舰店</span><span class=\"Attrs--attr--33ShB6X\" style=\"display: inline-block; width: 253.969px; text-overflow: ellipsis; overflow: hidden; padding: 0px 6px; box-sizing: border-box;\" title=\"厂址：笑芙旗舰店\">厂址：笑芙旗舰店</span><span class=\"Attrs--attr--33ShB6X\" style=\"display: inline-block; width: 253.969px; text-overflow: ellipsis; overflow: hidden; padding: 0px 6px; box-sizing: border-box;\" title=\"厂家联系方式：笑芙旗舰店\">厂家联系方式：笑芙旗舰店</span></div>\n<div class=\"Attrs--attrSection--2_G8xGa\" style=\"word-break: break-all; font-family: \'PingFang SC\'; font-size: 14px; letter-spacing: normal; color: rgb(78, 78, 78); line-height: 16px; margin-top: 14px; white-space: nowrap; overflow: hidden; margin-right: -6px; margin-left: -6px; font-style: normal; font-variant-ligatures: normal; font-variant-caps: normal; font-weight: 400; orphans: 2; text-align: start; text-indent: 0px; text-transform: none; widows: 2; word-spacing: 0px; -webkit-text-stroke-width: 0px; background-color: rgb(255, 255, 255); text-decoration-style: initial; text-decoration-color: initial;\"><span class=\"Attrs--attr--33ShB6X\" style=\"display: inline-block; width: 253.969px; text-overflow: ellipsis; overflow: hidden; padding: 0px 6px; box-sizing: border-box;\" title=\"配料表：糯玉米\">配料表：糯玉米</span><span class=\"Attrs--attr--33ShB6X\" style=\"display: inline-block; width: 253.969px; text-overflow: ellipsis; overflow: hidden; padding: 0px 6px; box-sizing: border-box;\" title=\"储藏方法：常温避光\">储藏方法：常温避光</span><span class=\"Attrs--attr--33ShB6X\" style=\"display: inline-block; width: 253.969px; text-overflow: ellipsis; overflow: hidden; padding: 0px 6px; box-sizing: border-box;\" title=\"保质期：365\">保质期：365</span></div>\n<div class=\"Attrs--attrSection--2_G8xGa\" style=\"word-break: break-all; font-family: \'PingFang SC\'; font-size: 14px; letter-spacing: normal; color: rgb(78, 78, 78); line-height: 16px; margin-top: 14px; white-space: nowrap; overflow: hidden; margin-right: -6px; margin-left: -6px; font-style: normal; font-variant-ligatures: normal; font-variant-caps: normal; font-weight: 400; orphans: 2; text-align: start; text-indent: 0px; text-transform: none; widows: 2; word-spacing: 0px; -webkit-text-stroke-width: 0px; background-color: rgb(255, 255, 255); text-decoration-style: initial; text-decoration-color: initial;\"><span class=\"Attrs--attr--33ShB6X\" style=\"display: inline-block; width: 253.969px; text-overflow: ellipsis; overflow: hidden; padding: 0px 6px; box-sizing: border-box; color: rgb(0, 0, 0);\" title=\"食品添加剂：无\">食品添加剂：无</span></div>\n</div>', '006');
INSERT INTO `shangpin` VALUES (22, '032922398317', '现摘黄桃新鲜水果10斤整箱应季桃子', 12, '/upload/3c5bf49f1020054f2f7f7bb3b20a8736.png', 300, 100, 44.80, '<div class=\"Attrs--attrSection--2_G8xGa\" style=\"word-break: break-all; font-family: \'PingFang SC\'; font-size: 14px; letter-spacing: normal; color: rgb(78, 78, 78); line-height: 16px; margin-top: 14px; white-space: nowrap; overflow: hidden; margin-right: -6px; margin-left: -6px; font-style: normal; font-variant-ligatures: normal; font-variant-caps: normal; font-weight: 400; orphans: 2; text-align: start; text-indent: 0px; text-transform: none; widows: 2; word-spacing: 0px; -webkit-text-stroke-width: 0px; background-color: rgb(255, 255, 255); text-decoration-thickness: initial; text-decoration-style: initial; text-decoration-color: initial;\">\n<div class=\"Attrs--attrSection--2_G8xGa\" style=\"word-break: break-all; font-family: \'PingFang SC\'; font-size: 14px; letter-spacing: normal; color: rgb(78, 78, 78); line-height: 16px; margin-top: 14px; white-space: nowrap; overflow: hidden; margin-right: -6px; margin-left: -6px; font-style: normal; font-variant-ligatures: normal; font-variant-caps: normal; font-weight: 400; orphans: 2; text-align: start; text-indent: 0px; text-transform: none; widows: 2; word-spacing: 0px; -webkit-text-stroke-width: 0px; background-color: rgb(255, 255, 255); text-decoration-style: initial; text-decoration-color: initial;\"><span class=\"Attrs--attr--33ShB6X\" style=\"display: inline-block; width: 253.969px; text-overflow: ellipsis; overflow: hidden; padding: 0px 6px; box-sizing: border-box;\" title=\"是否为有机食品：否\">是否为有机食品：否</span><span class=\"Attrs--attr--33ShB6X\" style=\"display: inline-block; width: 253.969px; text-overflow: ellipsis; overflow: hidden; padding: 0px 6px; box-sizing: border-box;\" title=\"水果种类：黄桃\">水果种类：黄桃</span><span class=\"Attrs--attr--33ShB6X\" style=\"display: inline-block; width: 253.969px; text-overflow: ellipsis; overflow: hidden; padding: 0px 6px; box-sizing: border-box;\" title=\"城市：宿州市\">城市：宿州市</span></div>\n<div class=\"Attrs--attrSection--2_G8xGa\" style=\"word-break: break-all; font-family: \'PingFang SC\'; font-size: 14px; letter-spacing: normal; color: rgb(78, 78, 78); line-height: 16px; margin-top: 14px; white-space: nowrap; overflow: hidden; margin-right: -6px; margin-left: -6px; font-style: normal; font-variant-ligatures: normal; font-variant-caps: normal; font-weight: 400; orphans: 2; text-align: start; text-indent: 0px; text-transform: none; widows: 2; word-spacing: 0px; -webkit-text-stroke-width: 0px; background-color: rgb(255, 255, 255); text-decoration-style: initial; text-decoration-color: initial;\"><span class=\"Attrs--attr--33ShB6X\" style=\"display: inline-block; width: 253.969px; text-overflow: ellipsis; overflow: hidden; padding: 0px 6px; box-sizing: border-box;\" title=\"价格：51-100元\">价格：51-100元</span><span class=\"Attrs--attr--33ShB6X\" style=\"display: inline-block; width: 253.969px; text-overflow: ellipsis; overflow: hidden; padding: 0px 6px; box-sizing: border-box;\" title=\"售卖方式：单品\">售卖方式：单品</span><span class=\"Attrs--attr--33ShB6X\" style=\"display: inline-block; width: 253.969px; text-overflow: ellipsis; overflow: hidden; padding: 0px 6px; box-sizing: border-box;\" title=\"生鲜储存温度：0-8℃\">生鲜储存温度：0-8℃</span></div>\n<div class=\"Attrs--attrSection--2_G8xGa\" style=\"word-break: break-all; font-family: \'PingFang SC\'; font-size: 14px; letter-spacing: normal; color: rgb(78, 78, 78); line-height: 16px; margin-top: 14px; white-space: nowrap; overflow: hidden; margin-right: -6px; margin-left: -6px; font-style: normal; font-variant-ligatures: normal; font-variant-caps: normal; font-weight: 400; orphans: 2; text-align: start; text-indent: 0px; text-transform: none; widows: 2; word-spacing: 0px; -webkit-text-stroke-width: 0px; background-color: rgb(255, 255, 255); text-decoration-style: initial; text-decoration-color: initial;\"><span class=\"Attrs--attr--33ShB6X\" style=\"display: inline-block; width: 253.969px; text-overflow: ellipsis; overflow: hidden; padding: 0px 6px; box-sizing: border-box;\" title=\"净含量：5斤,10斤\">净含量：5斤,10斤</span><span class=\"Attrs--attr--33ShB6X\" style=\"display: inline-block; width: 253.969px; text-overflow: ellipsis; overflow: hidden; padding: 0px 6px; box-sizing: border-box;\" title=\"同城服务：同城24小时物流送货上门\">同城服务：同城24小时物流送货上门</span><span class=\"Attrs--attr--33ShB6X\" style=\"display: inline-block; width: 253.969px; text-overflow: ellipsis; overflow: hidden; padding: 0px 6px; box-sizing: border-box;\" title=\"配送频次：1周2次\">配送频次：1周2次</span></div>\n<div class=\"Attrs--attrSection--2_G8xGa\" style=\"word-break: break-all; font-family: \'PingFang SC\'; font-size: 14px; letter-spacing: normal; color: rgb(78, 78, 78); line-height: 16px; margin-top: 14px; white-space: nowrap; overflow: hidden; margin-right: -6px; margin-left: -6px; font-style: normal; font-variant-ligatures: normal; font-variant-caps: normal; font-weight: 400; orphans: 2; text-align: start; text-indent: 0px; text-transform: none; widows: 2; word-spacing: 0px; -webkit-text-stroke-width: 0px; background-color: rgb(255, 255, 255); text-decoration-style: initial; text-decoration-color: initial;\"><span class=\"Attrs--attr--33ShB6X\" style=\"display: inline-block; width: 253.969px; text-overflow: ellipsis; overflow: hidden; padding: 0px 6px; box-sizing: border-box;\" title=\"热卖时间：3月,5月,4月,7月,6月\">热卖时间：3月,5月,4月,7月,6月</span><span class=\"Attrs--attr--33ShB6X\" style=\"display: inline-block; width: 253.969px; text-overflow: ellipsis; overflow: hidden; padding: 0px 6px; box-sizing: border-box;\" title=\"套餐份量：2人份\">套餐份量：2人份</span><span class=\"Attrs--attr--33ShB6X\" style=\"display: inline-block; width: 253.969px; text-overflow: ellipsis; overflow: hidden; padding: 0px 6px; box-sizing: border-box;\" title=\"产地：中国大陆\">产地：中国大陆</span></div>\n<div class=\"Attrs--attrSection--2_G8xGa\" style=\"word-break: break-all; font-family: \'PingFang SC\'; font-size: 14px; letter-spacing: normal; color: rgb(78, 78, 78); line-height: 16px; margin-top: 14px; white-space: nowrap; overflow: hidden; margin-right: -6px; margin-left: -6px; font-style: normal; font-variant-ligatures: normal; font-variant-caps: normal; font-weight: 400; orphans: 2; text-align: start; text-indent: 0px; text-transform: none; widows: 2; word-spacing: 0px; -webkit-text-stroke-width: 0px; background-color: rgb(255, 255, 255); text-decoration-style: initial; text-decoration-color: initial;\"><span class=\"Attrs--attr--33ShB6X\" style=\"display: inline-block; width: 253.969px; text-overflow: ellipsis; overflow: hidden; padding: 0px 6px; box-sizing: border-box;\" title=\"省份：安徽省\">省份：安徽省</span><span class=\"Attrs--attr--33ShB6X\" style=\"display: inline-block; width: 253.969px; text-overflow: ellipsis; overflow: hidden; padding: 0px 6px; box-sizing: border-box;\" title=\"套餐周期：1周\">套餐周期：1周</span><span class=\"Attrs--attr--33ShB6X\" style=\"display: inline-block; width: 253.969px; text-overflow: ellipsis; overflow: hidden; padding: 0px 6px; box-sizing: border-box;\" title=\"包装方式：食用农产品\">包装方式：食用农产品</span></div>\n<div class=\"Attrs--attrSection--2_G8xGa\" style=\"word-break: break-all; font-family: \'PingFang SC\'; font-size: 14px; letter-spacing: normal; color: rgb(78, 78, 78); line-height: 16px; margin-top: 14px; white-space: nowrap; overflow: hidden; margin-right: -6px; margin-left: -6px; font-style: normal; font-variant-ligatures: normal; font-variant-caps: normal; font-weight: 400; orphans: 2; text-align: start; text-indent: 0px; text-transform: none; widows: 2; word-spacing: 0px; -webkit-text-stroke-width: 0px; background-color: rgb(255, 255, 255); text-decoration-style: initial; text-decoration-color: initial;\"><span class=\"Attrs--attr--33ShB6X\" style=\"display: inline-block; width: 253.969px; text-overflow: ellipsis; overflow: hidden; padding: 0px 6px; box-sizing: border-box;\" title=\"单果规格：中果（尝鲜）,大果（推荐）,特大果（吃货力荐）\">单果规格：中果（尝鲜）,大果（推荐）,特大果（吃货力荐）</span><span class=\"Attrs--attr--33ShB6X\" style=\"display: inline-block; width: 253.969px; text-overflow: ellipsis; overflow: hidden; padding: 0px 6px; box-sizing: border-box;\" title=\"包装种类：礼盒装\">包装种类：礼盒装</span></div>\n</div>', '006');
INSERT INTO `shangpin` VALUES (23, '032922539165', '皇冠梨新鲜水果梨子雪梨3斤', 12, '/upload/b8eb35ae40c2ae28d303d153534b0519.png', 300, 100, 18.80, '<div class=\"desc-root\" style=\"word-break: break-all; color: rgb(0, 0, 0); font-family: tahoma, arial, \'Hiragino Sans GB\', 宋体, sans-serif; font-size: 12px; font-style: normal; font-variant-ligatures: normal; font-variant-caps: normal; font-weight: 400; letter-spacing: normal; orphans: 2; text-align: start; text-indent: 0px; text-transform: none; white-space: normal; widows: 2; word-spacing: 0px; -webkit-text-stroke-width: 0px; background-color: rgb(255, 255, 255); text-decoration-thickness: initial; text-decoration-style: initial; text-decoration-color: initial;\">\n<div class=\"descV8-container\" style=\"word-break: break-all; background-color: rgb(255, 255, 255);\">\n<div class=\"descV8-singleImage\" style=\"word-break: break-all; position: relative; width: 750px; overflow: hidden;\">\n<div class=\"Attrs--attrSection--2_G8xGa\" style=\"word-break: break-all; font-family: \'PingFang SC\'; font-size: 14px; letter-spacing: normal; color: rgb(78, 78, 78); line-height: 16px; margin-top: 14px; white-space: nowrap; overflow: hidden; margin-right: -6px; margin-left: -6px; font-style: normal; font-variant-ligatures: normal; font-variant-caps: normal; font-weight: 400; orphans: 2; text-align: start; text-indent: 0px; text-transform: none; widows: 2; word-spacing: 0px; -webkit-text-stroke-width: 0px; background-color: rgb(255, 255, 255); text-decoration-style: initial; text-decoration-color: initial;\"><span class=\"Attrs--attr--33ShB6X\" style=\"display: inline-block; width: 253.969px; text-overflow: ellipsis; overflow: hidden; padding: 0px 6px; box-sizing: border-box;\" title=\"品牌：翠王\" data-spm-anchor-id=\"pc_detail.27183998/evo365560b447259.202206.i0.47777dd6oz0X65\">品牌：翠王</span><span class=\"Attrs--attr--33ShB6X\" style=\"display: inline-block; width: 253.969px; text-overflow: ellipsis; overflow: hidden; padding: 0px 6px; box-sizing: border-box;\" title=\"系列：青皇冠\">系列：青皇冠</span><span class=\"Attrs--attr--33ShB6X\" style=\"display: inline-block; width: 253.969px; text-overflow: ellipsis; overflow: hidden; padding: 0px 6px; box-sizing: border-box;\" title=\"是否为有机食品：否\">是否为有机食品：否</span></div>\n<div class=\"Attrs--attrSection--2_G8xGa\" style=\"word-break: break-all; font-family: \'PingFang SC\'; font-size: 14px; letter-spacing: normal; color: rgb(78, 78, 78); line-height: 16px; margin-top: 14px; white-space: nowrap; overflow: hidden; margin-right: -6px; margin-left: -6px; font-style: normal; font-variant-ligatures: normal; font-variant-caps: normal; font-weight: 400; orphans: 2; text-align: start; text-indent: 0px; text-transform: none; widows: 2; word-spacing: 0px; -webkit-text-stroke-width: 0px; background-color: rgb(255, 255, 255); text-decoration-style: initial; text-decoration-color: initial;\"><span class=\"Attrs--attr--33ShB6X\" style=\"display: inline-block; width: 253.969px; text-overflow: ellipsis; overflow: hidden; padding: 0px 6px; box-sizing: border-box;\" title=\"水果种类：皇冠梨\">水果种类：皇冠梨</span><span class=\"Attrs--attr--33ShB6X\" style=\"display: inline-block; width: 253.969px; text-overflow: ellipsis; overflow: hidden; padding: 0px 6px; box-sizing: border-box;\" title=\"城市：石家庄市\">城市：石家庄市</span><span class=\"Attrs--attr--33ShB6X\" style=\"display: inline-block; width: 253.969px; text-overflow: ellipsis; overflow: hidden; padding: 0px 6px; box-sizing: border-box;\" title=\"价格：51-100元\">价格：51-100元</span></div>\n<div class=\"Attrs--attrSection--2_G8xGa\" style=\"word-break: break-all; font-family: \'PingFang SC\'; font-size: 14px; letter-spacing: normal; color: rgb(78, 78, 78); line-height: 16px; margin-top: 14px; white-space: nowrap; overflow: hidden; margin-right: -6px; margin-left: -6px; font-style: normal; font-variant-ligatures: normal; font-variant-caps: normal; font-weight: 400; orphans: 2; text-align: start; text-indent: 0px; text-transform: none; widows: 2; word-spacing: 0px; -webkit-text-stroke-width: 0px; background-color: rgb(255, 255, 255); text-decoration-style: initial; text-decoration-color: initial;\"><span class=\"Attrs--attr--33ShB6X\" style=\"display: inline-block; width: 253.969px; text-overflow: ellipsis; overflow: hidden; padding: 0px 6px; box-sizing: border-box;\" title=\"原产地：中国\">原产地：中国</span><span class=\"Attrs--attr--33ShB6X\" style=\"display: inline-block; width: 253.969px; text-overflow: ellipsis; overflow: hidden; padding: 0px 6px; box-sizing: border-box;\" title=\"净含量：2.5kg(含）-5kg(不含)\">净含量：2.5kg(含）-5kg(不含)</span><span class=\"Attrs--attr--33ShB6X\" style=\"display: inline-block; width: 253.969px; text-overflow: ellipsis; overflow: hidden; padding: 0px 6px; box-sizing: border-box;\" title=\"售卖方式：单品\">售卖方式：单品</span></div>\n<div class=\"Attrs--attrSection--2_G8xGa\" style=\"word-break: break-all; font-family: \'PingFang SC\'; font-size: 14px; letter-spacing: normal; color: rgb(78, 78, 78); line-height: 16px; margin-top: 14px; white-space: nowrap; overflow: hidden; margin-right: -6px; margin-left: -6px; font-style: normal; font-variant-ligatures: normal; font-variant-caps: normal; font-weight: 400; orphans: 2; text-align: start; text-indent: 0px; text-transform: none; widows: 2; word-spacing: 0px; -webkit-text-stroke-width: 0px; background-color: rgb(255, 255, 255); text-decoration-style: initial; text-decoration-color: initial;\"><span class=\"Attrs--attr--33ShB6X\" style=\"display: inline-block; width: 253.969px; text-overflow: ellipsis; overflow: hidden; padding: 0px 6px; box-sizing: border-box;\" title=\"净含量：3斤 4.5斤 8斤\">净含量：3斤 4.5斤 8斤</span><span class=\"Attrs--attr--33ShB6X\" style=\"display: inline-block; width: 253.969px; text-overflow: ellipsis; overflow: hidden; padding: 0px 6px; box-sizing: border-box;\" title=\"热卖时间：9月 8月 11月 10月\">热卖时间：9月 8月 11月 10月</span><span class=\"Attrs--attr--33ShB6X\" style=\"display: inline-block; width: 253.969px; text-overflow: ellipsis; overflow: hidden; padding: 0px 6px; box-sizing: border-box;\" title=\"产地：中国大陆\">产地：中国大陆</span></div>\n<div class=\"Attrs--attrSection--2_G8xGa\" style=\"word-break: break-all; font-family: \'PingFang SC\'; font-size: 14px; letter-spacing: normal; color: rgb(78, 78, 78); line-height: 16px; margin-top: 14px; white-space: nowrap; overflow: hidden; margin-right: -6px; margin-left: -6px; font-style: normal; font-variant-ligatures: normal; font-variant-caps: normal; font-weight: 400; orphans: 2; text-align: start; text-indent: 0px; text-transform: none; widows: 2; word-spacing: 0px; -webkit-text-stroke-width: 0px; background-color: rgb(255, 255, 255); text-decoration-style: initial; text-decoration-color: initial;\"><span class=\"Attrs--attr--33ShB6X\" style=\"display: inline-block; width: 253.969px; text-overflow: ellipsis; overflow: hidden; padding: 0px 6px; box-sizing: border-box;\" title=\"省份：河北省\">省份：河北省</span><span class=\"Attrs--attr--33ShB6X\" style=\"display: inline-block; width: 253.969px; text-overflow: ellipsis; overflow: hidden; padding: 0px 6px; box-sizing: border-box;\" title=\"包装方式：包装\">包装方式：包装</span><span class=\"Attrs--attr--33ShB6X\" style=\"display: inline-block; width: 253.969px; text-overflow: ellipsis; overflow: hidden; padding: 0px 6px; box-sizing: border-box;\" title=\"单果规格：中果 大果 小果 精品大果\">单果规格：中果 大果 小果 精品大果</span></div>\n<div class=\"Attrs--attrSection--2_G8xGa\" style=\"word-break: break-all; font-family: \'PingFang SC\'; font-size: 14px; letter-spacing: normal; color: rgb(78, 78, 78); line-height: 16px; margin-top: 14px; white-space: nowrap; overflow: hidden; margin-right: -6px; margin-left: -6px; font-style: normal; font-variant-ligatures: normal; font-variant-caps: normal; font-weight: 400; orphans: 2; text-align: start; text-indent: 0px; text-transform: none; widows: 2; word-spacing: 0px; -webkit-text-stroke-width: 0px; background-color: rgb(255, 255, 255); text-decoration-style: initial; text-decoration-color: initial;\"><span class=\"Attrs--attr--33ShB6X\" style=\"display: inline-block; width: 253.969px; text-overflow: ellipsis; overflow: hidden; padding: 0px 6px; box-sizing: border-box;\" title=\"包装种类：礼盒装\">包装种类：礼盒装</span><span class=\"Attrs--attr--33ShB6X\" style=\"display: inline-block; width: 253.969px; text-overflow: ellipsis; overflow: hidden; padding: 0px 6px; box-sizing: border-box;\" title=\"厂名：翠王果品有限公司\">厂名：翠王果品有限公司</span><span class=\"Attrs--attr--33ShB6X\" style=\"display: inline-block; width: 253.969px; text-overflow: ellipsis; overflow: hidden; padding: 0px 6px; box-sizing: border-box;\" title=\"厂址：辛集市\">厂址：辛集市</span></div>\n<div class=\"Attrs--attrSection--2_G8xGa\" style=\"word-break: break-all; font-family: \'PingFang SC\'; font-size: 14px; letter-spacing: normal; color: rgb(78, 78, 78); line-height: 16px; margin-top: 14px; white-space: nowrap; overflow: hidden; margin-right: -6px; margin-left: -6px; font-style: normal; font-variant-ligatures: normal; font-variant-caps: normal; font-weight: 400; orphans: 2; text-align: start; text-indent: 0px; text-transform: none; widows: 2; word-spacing: 0px; -webkit-text-stroke-width: 0px; background-color: rgb(255, 255, 255); text-decoration-style: initial; text-decoration-color: initial;\"><span class=\"Attrs--attr--33ShB6X\" style=\"display: inline-block; width: 253.969px; text-overflow: ellipsis; overflow: hidden; padding: 0px 6px; box-sizing: border-box;\" title=\"厂家联系方式：13013237809\">厂家联系方式：13013237809</span><span class=\"Attrs--attr--33ShB6X\" style=\"display: inline-block; width: 253.969px; text-overflow: ellipsis; overflow: hidden; padding: 0px 6px; box-sizing: border-box;\" title=\"保质期：7\">保质期：7</span></div>\n</div>\n</div>\n</div>', '006');
INSERT INTO `shangpin` VALUES (27, '033015372744', '丑橘2斤水果新鲜整箱包邮', 12, '/upload/a59d2aeb5e34e68fd2a8cd5ad0371e77.png', 100, 300, 19.90, '<div class=\"Attrs--attrSection--2_G8xGa\" style=\"word-break: break-all; font-family: \'PingFang SC\'; font-size: 14px; letter-spacing: normal; color: rgb(78, 78, 78); line-height: 16px; margin-top: 14px; white-space: nowrap; overflow: hidden; margin-right: -6px; margin-left: -6px; font-style: normal; font-variant-ligatures: normal; font-variant-caps: normal; font-weight: 400; orphans: 2; text-align: start; text-indent: 0px; text-transform: none; widows: 2; word-spacing: 0px; -webkit-text-stroke-width: 0px; background-color: rgb(255, 255, 255); text-decoration-thickness: initial; text-decoration-style: initial; text-decoration-color: initial;\">\n<div class=\"Attrs--attrSection--2_G8xGa\" style=\"word-break: break-all; font-family: \'PingFang SC\'; font-size: 14px; letter-spacing: normal; color: rgb(78, 78, 78); line-height: 16px; margin-top: 14px; white-space: nowrap; overflow: hidden; margin-right: -6px; margin-left: -6px; font-style: normal; font-variant-ligatures: normal; font-variant-caps: normal; font-weight: 400; orphans: 2; text-align: start; text-indent: 0px; text-transform: none; widows: 2; word-spacing: 0px; -webkit-text-stroke-width: 0px; background-color: rgb(255, 255, 255); text-decoration-style: initial; text-decoration-color: initial;\"><span class=\"Attrs--attr--33ShB6X\" style=\"display: inline-block; width: 253.969px; text-overflow: ellipsis; overflow: hidden; padding: 0px 6px; box-sizing: border-box;\" title=\"品牌：华秧\" data-spm-anchor-id=\"pc_detail.27183998/evo365560b447259.202206.i0.6feb7dd6DggyE2\">品牌：华秧</span><span class=\"Attrs--attr--33ShB6X\" style=\"display: inline-block; width: 253.969px; text-overflow: ellipsis; overflow: hidden; padding: 0px 6px; box-sizing: border-box;\" title=\"系列：丑橘\">系列：丑橘</span><span class=\"Attrs--attr--33ShB6X\" style=\"display: inline-block; width: 253.969px; text-overflow: ellipsis; overflow: hidden; padding: 0px 6px; box-sizing: border-box;\" title=\"规格：不知火丑橘\">规格：不知火丑橘</span></div>\n<div class=\"Attrs--attrSection--2_G8xGa\" style=\"word-break: break-all; font-family: \'PingFang SC\'; font-size: 14px; letter-spacing: normal; color: rgb(78, 78, 78); line-height: 16px; margin-top: 14px; white-space: nowrap; overflow: hidden; margin-right: -6px; margin-left: -6px; font-style: normal; font-variant-ligatures: normal; font-variant-caps: normal; font-weight: 400; orphans: 2; text-align: start; text-indent: 0px; text-transform: none; widows: 2; word-spacing: 0px; -webkit-text-stroke-width: 0px; background-color: rgb(255, 255, 255); text-decoration-style: initial; text-decoration-color: initial;\"><span class=\"Attrs--attr--33ShB6X\" style=\"display: inline-block; width: 253.969px; text-overflow: ellipsis; overflow: hidden; padding: 0px 6px; box-sizing: border-box;\" title=\"价格：0-50元\">价格：0-50元</span><span class=\"Attrs--attr--33ShB6X\" style=\"display: inline-block; width: 253.969px; text-overflow: ellipsis; overflow: hidden; padding: 0px 6px; box-sizing: border-box;\" title=\"产地：中国大陆\">产地：中国大陆</span><span class=\"Attrs--attr--33ShB6X\" style=\"display: inline-block; width: 253.969px; text-overflow: ellipsis; overflow: hidden; padding: 0px 6px; box-sizing: border-box;\" title=\"省份：四川省\">省份：四川省</span></div>\n<div class=\"Attrs--attrSection--2_G8xGa\" style=\"word-break: break-all; font-family: \'PingFang SC\'; font-size: 14px; letter-spacing: normal; color: rgb(78, 78, 78); line-height: 16px; margin-top: 14px; white-space: nowrap; overflow: hidden; margin-right: -6px; margin-left: -6px; font-style: normal; font-variant-ligatures: normal; font-variant-caps: normal; font-weight: 400; orphans: 2; text-align: start; text-indent: 0px; text-transform: none; widows: 2; word-spacing: 0px; -webkit-text-stroke-width: 0px; background-color: rgb(255, 255, 255); text-decoration-style: initial; text-decoration-color: initial;\"><span class=\"Attrs--attr--33ShB6X\" style=\"display: inline-block; width: 253.969px; text-overflow: ellipsis; overflow: hidden; padding: 0px 6px; box-sizing: border-box;\" title=\"城市：眉山市\">城市：眉山市</span><span class=\"Attrs--attr--33ShB6X\" style=\"display: inline-block; width: 253.969px; text-overflow: ellipsis; overflow: hidden; padding: 0px 6px; box-sizing: border-box;\" title=\"包装种类：箱装\">包装种类：箱装</span><span class=\"Attrs--attr--33ShB6X\" style=\"display: inline-block; width: 253.969px; text-overflow: ellipsis; overflow: hidden; padding: 0px 6px; box-sizing: border-box;\" title=\"重量(g)：5斤\">重量(g)：5斤</span></div>\n<div class=\"Attrs--attrSection--2_G8xGa\" style=\"word-break: break-all; font-family: \'PingFang SC\'; font-size: 14px; letter-spacing: normal; color: rgb(78, 78, 78); line-height: 16px; margin-top: 14px; white-space: nowrap; overflow: hidden; margin-right: -6px; margin-left: -6px; font-style: normal; font-variant-ligatures: normal; font-variant-caps: normal; font-weight: 400; orphans: 2; text-align: start; text-indent: 0px; text-transform: none; widows: 2; word-spacing: 0px; -webkit-text-stroke-width: 0px; background-color: rgb(255, 255, 255); text-decoration-style: initial; text-decoration-color: initial;\"><span class=\"Attrs--attr--33ShB6X\" style=\"display: inline-block; width: 253.969px; text-overflow: ellipsis; overflow: hidden; padding: 0px 6px; box-sizing: border-box;\" title=\"同城服务：同城24小时物流送货上门\">同城服务：同城24小时物流送货上门</span><span class=\"Attrs--attr--33ShB6X\" style=\"display: inline-block; width: 253.969px; text-overflow: ellipsis; overflow: hidden; padding: 0px 6px; box-sizing: border-box;\" title=\"包装方式：包装\">包装方式：包装</span><span class=\"Attrs--attr--33ShB6X\" style=\"display: inline-block; width: 253.969px; text-overflow: ellipsis; overflow: hidden; padding: 0px 6px; box-sizing: border-box;\" title=\"售卖方式：单品\">售卖方式：单品</span></div>\n<div class=\"Attrs--attrSection--2_G8xGa\" style=\"word-break: break-all; font-family: \'PingFang SC\'; font-size: 14px; letter-spacing: normal; color: rgb(78, 78, 78); line-height: 16px; margin-top: 14px; white-space: nowrap; overflow: hidden; margin-right: -6px; margin-left: -6px; font-style: normal; font-variant-ligatures: normal; font-variant-caps: normal; font-weight: 400; orphans: 2; text-align: start; text-indent: 0px; text-transform: none; widows: 2; word-spacing: 0px; -webkit-text-stroke-width: 0px; background-color: rgb(255, 255, 255); text-decoration-style: initial; text-decoration-color: initial;\"><span class=\"Attrs--attr--33ShB6X\" style=\"display: inline-block; width: 253.969px; text-overflow: ellipsis; overflow: hidden; padding: 0px 6px; box-sizing: border-box;\" title=\"套餐份量：1人份\">套餐份量：1人份</span><span class=\"Attrs--attr--33ShB6X\" style=\"display: inline-block; width: 253.969px; text-overflow: ellipsis; overflow: hidden; padding: 0px 6px; box-sizing: border-box;\" title=\"套餐周期：1周\">套餐周期：1周</span><span class=\"Attrs--attr--33ShB6X\" style=\"display: inline-block; width: 253.969px; text-overflow: ellipsis; overflow: hidden; padding: 0px 6px; box-sizing: border-box;\" title=\"配送频次：1周1次\">配送频次：1周1次</span></div>\n<div class=\"Attrs--attrSection--2_G8xGa\" style=\"word-break: break-all; font-family: \'PingFang SC\'; font-size: 14px; letter-spacing: normal; color: rgb(78, 78, 78); line-height: 16px; margin-top: 14px; white-space: nowrap; overflow: hidden; margin-right: -6px; margin-left: -6px; font-style: normal; font-variant-ligatures: normal; font-variant-caps: normal; font-weight: 400; orphans: 2; text-align: start; text-indent: 0px; text-transform: none; widows: 2; word-spacing: 0px; -webkit-text-stroke-width: 0px; background-color: rgb(255, 255, 255); text-decoration-style: initial; text-decoration-color: initial;\"><span class=\"Attrs--attr--33ShB6X\" style=\"display: inline-block; width: 253.969px; text-overflow: ellipsis; overflow: hidden; padding: 0px 6px; box-sizing: border-box;\" title=\"特产品类：蒲江丑柑\">特产品类：蒲江丑柑</span><span class=\"Attrs--attr--33ShB6X\" style=\"display: inline-block; width: 253.969px; text-overflow: ellipsis; overflow: hidden; padding: 0px 6px; box-sizing: border-box;\" title=\"水果种类：不知火\">水果种类：不知火</span><span class=\"Attrs--attr--33ShB6X\" style=\"display: inline-block; width: 253.969px; text-overflow: ellipsis; overflow: hidden; padding: 0px 6px; box-sizing: border-box;\" title=\"热卖时间：1月 2月 3月 4月 5月\">热卖时间：1月 2月 3月 4月 5月</span></div>\n<div class=\"Attrs--attrSection--2_G8xGa\" style=\"word-break: break-all; font-family: \'PingFang SC\'; font-size: 14px; letter-spacing: normal; color: rgb(78, 78, 78); line-height: 16px; margin-top: 14px; white-space: nowrap; overflow: hidden; margin-right: -6px; margin-left: -6px; font-style: normal; font-variant-ligatures: normal; font-variant-caps: normal; font-weight: 400; orphans: 2; text-align: start; text-indent: 0px; text-transform: none; widows: 2; word-spacing: 0px; -webkit-text-stroke-width: 0px; background-color: rgb(255, 255, 255); text-decoration-style: initial; text-decoration-color: initial;\"><span class=\"Attrs--attr--33ShB6X\" style=\"display: inline-block; width: 253.969px; text-overflow: ellipsis; overflow: hidden; padding: 0px 6px; box-sizing: border-box;\" title=\"净重(不含箱）：2斤 4.5斤 8斤\">净重(不含箱）：2斤 </span><span class=\"Attrs--attr--33ShB6X\" style=\"display: inline-block; width: 253.969px; text-overflow: ellipsis; overflow: hidden; padding: 0px 6px; box-sizing: border-box;\" title=\"生鲜储存温度：0-8℃\">生鲜储存温度：0-8℃</span><span class=\"Attrs--attr--33ShB6X\" style=\"display: inline-block; width: 253.969px; text-overflow: ellipsis; overflow: hidden; padding: 0px 6px; box-sizing: border-box;\" title=\"规格：(果子一圈大小)小果65mm+ (果子一圈大小)中果70mm+ (果子一圈大小)大果75mm+ (果子一圈大小)特大果80mm+\">规格：(果子一圈大小)小果65mm+ (果子一圈大小)中果70mm+ (果子一圈大小)大果75mm+ (果子一圈大小)特大果80mm+</span></div>\n<div class=\"Attrs--attrSection--2_G8xGa\" style=\"word-break: break-all; font-family: \'PingFang SC\'; font-size: 14px; letter-spacing: normal; color: rgb(78, 78, 78); line-height: 16px; margin-top: 14px; white-space: nowrap; overflow: hidden; margin-right: -6px; margin-left: -6px; font-style: normal; font-variant-ligatures: normal; font-variant-caps: normal; font-weight: 400; orphans: 2; text-align: start; text-indent: 0px; text-transform: none; widows: 2; word-spacing: 0px; -webkit-text-stroke-width: 0px; background-color: rgb(255, 255, 255); text-decoration-style: initial; text-decoration-color: initial;\"><span class=\"Attrs--attr--33ShB6X\" style=\"display: inline-block; width: 253.969px; text-overflow: ellipsis; overflow: hidden; padding: 0px 6px; box-sizing: border-box;\" title=\"厂名：成都安柠鲜网络科技有限公司\">厂名：成都安柠鲜网络科技有限公司</span><span class=\"Attrs--attr--33ShB6X\" style=\"display: inline-block; width: 253.969px; text-overflow: ellipsis; overflow: hidden; padding: 0px 6px; box-sizing: border-box;\" title=\"厂址：四川省安岳县龙台镇码头村华秧旗舰店\">厂址：四川省安岳县龙台镇码头村华秧旗舰店</span><span class=\"Attrs--attr--33ShB6X\" style=\"display: inline-block; width: 253.969px; text-overflow: ellipsis; overflow: hidden; padding: 0px 6px; box-sizing: border-box; color: rgb(0, 0, 0);\" title=\"保质期：7\">保质期：7</span></div>\n</div>', '006');
INSERT INTO `shangpin` VALUES (28, '033020282397', '青见果冻橙新鲜橙子10斤水果当季整箱橘子', 12, '/upload/44d7f62e88d4a6d9be633f525af114e5.png', 50, 49, 52.80, '<div class=\"Attrs--attrSection--2_G8xGa\" style=\"word-break: break-all; font-family: \'PingFang SC\'; font-size: 14px; letter-spacing: normal; color: rgb(78, 78, 78); line-height: 16px; margin-top: 14px; white-space: nowrap; overflow: hidden; margin-right: -6px; margin-left: -6px; font-style: normal; font-variant-ligatures: normal; font-variant-caps: normal; font-weight: 400; orphans: 2; text-align: start; text-indent: 0px; text-transform: none; widows: 2; word-spacing: 0px; -webkit-text-stroke-width: 0px; background-color: rgb(255, 255, 255); text-decoration-thickness: initial; text-decoration-style: initial; text-decoration-color: initial;\">\n<div class=\"Attrs--attrSection--2_G8xGa\" style=\"word-break: break-all; font-family: \'PingFang SC\'; font-size: 14px; letter-spacing: normal; color: rgb(78, 78, 78); line-height: 16px; margin-top: 14px; white-space: nowrap; overflow: hidden; margin-right: -6px; margin-left: -6px; font-style: normal; font-variant-ligatures: normal; font-variant-caps: normal; font-weight: 400; orphans: 2; text-align: start; text-indent: 0px; text-transform: none; widows: 2; word-spacing: 0px; -webkit-text-stroke-width: 0px; background-color: rgb(255, 255, 255); text-decoration-style: initial; text-decoration-color: initial;\"><span class=\"Attrs--attr--33ShB6X\" style=\"display: inline-block; width: 253.969px; text-overflow: ellipsis; overflow: hidden; padding: 0px 6px; box-sizing: border-box;\" title=\"品牌：甘福园\">品牌：甘福园</span><span class=\"Attrs--attr--33ShB6X\" style=\"display: inline-block; width: 253.969px; text-overflow: ellipsis; overflow: hidden; padding: 0px 6px; box-sizing: border-box;\" title=\"系列：水果\">系列：水果</span><span class=\"Attrs--attr--33ShB6X\" style=\"display: inline-block; width: 253.969px; text-overflow: ellipsis; overflow: hidden; padding: 0px 6px; box-sizing: border-box;\" title=\"型号：橙\">型号：橙</span></div>\n<div class=\"Attrs--attrSection--2_G8xGa\" style=\"word-break: break-all; font-family: \'PingFang SC\'; font-size: 14px; letter-spacing: normal; color: rgb(78, 78, 78); line-height: 16px; margin-top: 14px; white-space: nowrap; overflow: hidden; margin-right: -6px; margin-left: -6px; font-style: normal; font-variant-ligatures: normal; font-variant-caps: normal; font-weight: 400; orphans: 2; text-align: start; text-indent: 0px; text-transform: none; widows: 2; word-spacing: 0px; -webkit-text-stroke-width: 0px; background-color: rgb(255, 255, 255); text-decoration-style: initial; text-decoration-color: initial;\"><span class=\"Attrs--attr--33ShB6X\" style=\"display: inline-block; width: 253.969px; text-overflow: ellipsis; overflow: hidden; padding: 0px 6px; box-sizing: border-box;\" title=\"是否为有机食品：否\">是否为有机食品：否</span><span class=\"Attrs--attr--33ShB6X\" style=\"display: inline-block; width: 253.969px; text-overflow: ellipsis; overflow: hidden; padding: 0px 6px; box-sizing: border-box;\" title=\"水果种类：果冻橙\">水果种类：果冻橙</span><span class=\"Attrs--attr--33ShB6X\" style=\"display: inline-block; width: 253.969px; text-overflow: ellipsis; overflow: hidden; padding: 0px 6px; box-sizing: border-box;\" title=\"价格：0-50元\">价格：0-50元</span></div>\n<div class=\"Attrs--attrSection--2_G8xGa\" style=\"word-break: break-all; font-family: \'PingFang SC\'; font-size: 14px; letter-spacing: normal; color: rgb(78, 78, 78); line-height: 16px; margin-top: 14px; white-space: nowrap; overflow: hidden; margin-right: -6px; margin-left: -6px; font-style: normal; font-variant-ligatures: normal; font-variant-caps: normal; font-weight: 400; orphans: 2; text-align: start; text-indent: 0px; text-transform: none; widows: 2; word-spacing: 0px; -webkit-text-stroke-width: 0px; background-color: rgb(255, 255, 255); text-decoration-style: initial; text-decoration-color: initial;\"><span class=\"Attrs--attr--33ShB6X\" style=\"display: inline-block; width: 253.969px; text-overflow: ellipsis; overflow: hidden; padding: 0px 6px; box-sizing: border-box;\" title=\"售卖方式：单品\">售卖方式：单品</span><span class=\"Attrs--attr--33ShB6X\" style=\"display: inline-block; width: 253.969px; text-overflow: ellipsis; overflow: hidden; padding: 0px 6px; box-sizing: border-box;\" title=\"生鲜储存温度：0-8℃\">生鲜储存温度：0-8℃</span><span class=\"Attrs--attr--33ShB6X\" style=\"display: inline-block; width: 253.969px; text-overflow: ellipsis; overflow: hidden; padding: 0px 6px; box-sizing: border-box;\" title=\"净含量：2斤 3斤 5斤 9斤 10斤\">净含量：2斤 3斤 5斤 9斤 10斤</span></div>\n<div class=\"Attrs--attrSection--2_G8xGa\" style=\"word-break: break-all; font-family: \'PingFang SC\'; font-size: 14px; letter-spacing: normal; color: rgb(78, 78, 78); line-height: 16px; margin-top: 14px; white-space: nowrap; overflow: hidden; margin-right: -6px; margin-left: -6px; font-style: normal; font-variant-ligatures: normal; font-variant-caps: normal; font-weight: 400; orphans: 2; text-align: start; text-indent: 0px; text-transform: none; widows: 2; word-spacing: 0px; -webkit-text-stroke-width: 0px; background-color: rgb(255, 255, 255); text-decoration-style: initial; text-decoration-color: initial;\"><span class=\"Attrs--attr--33ShB6X\" style=\"display: inline-block; width: 253.969px; text-overflow: ellipsis; overflow: hidden; padding: 0px 6px; box-sizing: border-box;\" title=\"同城服务：同城24小时物流送货上门\">同城服务：同城24小时物流送货上门</span><span class=\"Attrs--attr--33ShB6X\" style=\"display: inline-block; width: 253.969px; text-overflow: ellipsis; overflow: hidden; padding: 0px 6px; box-sizing: border-box;\" title=\"配送频次：1周2次\">配送频次：1周2次</span><span class=\"Attrs--attr--33ShB6X\" style=\"display: inline-block; width: 253.969px; text-overflow: ellipsis; overflow: hidden; padding: 0px 6px; box-sizing: border-box;\" title=\"热卖时间：1月 3月 2月 5月 4月 7月 6月 9月 8月 11月 10月 12月\">热卖时间：1月 3月 2月 5月 4月 7月 6月 9月 8月 11月 10月 12月</span></div>\n<div class=\"Attrs--attrSection--2_G8xGa\" style=\"word-break: break-all; font-family: \'PingFang SC\'; font-size: 14px; letter-spacing: normal; color: rgb(78, 78, 78); line-height: 16px; margin-top: 14px; white-space: nowrap; overflow: hidden; margin-right: -6px; margin-left: -6px; font-style: normal; font-variant-ligatures: normal; font-variant-caps: normal; font-weight: 400; orphans: 2; text-align: start; text-indent: 0px; text-transform: none; widows: 2; word-spacing: 0px; -webkit-text-stroke-width: 0px; background-color: rgb(255, 255, 255); text-decoration-style: initial; text-decoration-color: initial;\"><span class=\"Attrs--attr--33ShB6X\" style=\"display: inline-block; width: 253.969px; text-overflow: ellipsis; overflow: hidden; padding: 0px 6px; box-sizing: border-box;\" title=\"套餐份量：3人份\">套餐份量：3人份</span><span class=\"Attrs--attr--33ShB6X\" style=\"display: inline-block; width: 253.969px; text-overflow: ellipsis; overflow: hidden; padding: 0px 6px; box-sizing: border-box;\" title=\"产地：中国大陆\">产地：中国大陆</span><span class=\"Attrs--attr--33ShB6X\" style=\"display: inline-block; width: 253.969px; text-overflow: ellipsis; overflow: hidden; padding: 0px 6px; box-sizing: border-box;\" title=\"省份：四川省\">省份：四川省</span></div>\n<div class=\"Attrs--attrSection--2_G8xGa\" style=\"word-break: break-all; font-family: \'PingFang SC\'; font-size: 14px; letter-spacing: normal; color: rgb(78, 78, 78); line-height: 16px; margin-top: 14px; white-space: nowrap; overflow: hidden; margin-right: -6px; margin-left: -6px; font-style: normal; font-variant-ligatures: normal; font-variant-caps: normal; font-weight: 400; orphans: 2; text-align: start; text-indent: 0px; text-transform: none; widows: 2; word-spacing: 0px; -webkit-text-stroke-width: 0px; background-color: rgb(255, 255, 255); text-decoration-style: initial; text-decoration-color: initial;\"><span class=\"Attrs--attr--33ShB6X\" style=\"display: inline-block; width: 253.969px; text-overflow: ellipsis; overflow: hidden; padding: 0px 6px; box-sizing: border-box;\" title=\"城市：眉山市\">城市：眉山市</span><span class=\"Attrs--attr--33ShB6X\" style=\"display: inline-block; width: 253.969px; text-overflow: ellipsis; overflow: hidden; padding: 0px 6px; box-sizing: border-box;\" title=\"套餐周期：1周\">套餐周期：1周</span><span class=\"Attrs--attr--33ShB6X\" style=\"display: inline-block; width: 253.969px; text-overflow: ellipsis; overflow: hidden; padding: 0px 6px; box-sizing: border-box;\" title=\"包装方式：包装\">包装方式：包装</span></div>\n<div class=\"Attrs--attrSection--2_G8xGa\" style=\"word-break: break-all; font-family: \'PingFang SC\'; font-size: 14px; letter-spacing: normal; color: rgb(78, 78, 78); line-height: 16px; margin-top: 14px; white-space: nowrap; overflow: hidden; margin-right: -6px; margin-left: -6px; font-style: normal; font-variant-ligatures: normal; font-variant-caps: normal; font-weight: 400; orphans: 2; text-align: start; text-indent: 0px; text-transform: none; widows: 2; word-spacing: 0px; -webkit-text-stroke-width: 0px; background-color: rgb(255, 255, 255); text-decoration-style: initial; text-decoration-color: initial;\"><span class=\"Attrs--attr--33ShB6X\" style=\"display: inline-block; width: 253.969px; text-overflow: ellipsis; overflow: hidden; padding: 0px 6px; box-sizing: border-box;\" title=\"果径：65mm（含）-70mm(不含) 80mm（含）-85mm(不含) 70mm（含）-75mm(不含) 60mm（含）-65mm(不含) 75mm（含）-80mm(不含) 85mm及以上\">果径：65mm（含）-70mm(不含) 80mm（含）-85mm(不含) 70mm（含）-75mm(不含) 60mm（含）-65mm(不含) 75mm（含）-80mm(不含) 85mm及以上</span><span class=\"Attrs--attr--33ShB6X\" style=\"display: inline-block; width: 253.969px; text-overflow: ellipsis; overflow: hidden; padding: 0px 6px; box-sizing: border-box;\" title=\"包装类型：箱装\">包装类型：箱装</span><span class=\"Attrs--attr--33ShB6X\" style=\"display: inline-block; width: 253.969px; text-overflow: ellipsis; overflow: hidden; padding: 0px 6px; box-sizing: border-box;\" title=\"厂名：甘福园旗舰店\">厂名：甘福园旗舰店</span></div>\n<div class=\"Attrs--attrSection--2_G8xGa\" style=\"word-break: break-all; font-family: \'PingFang SC\'; font-size: 14px; letter-spacing: normal; color: rgb(78, 78, 78); line-height: 16px; margin-top: 14px; white-space: nowrap; overflow: hidden; margin-right: -6px; margin-left: -6px; font-style: normal; font-variant-ligatures: normal; font-variant-caps: normal; font-weight: 400; orphans: 2; text-align: start; text-indent: 0px; text-transform: none; widows: 2; word-spacing: 0px; -webkit-text-stroke-width: 0px; background-color: rgb(255, 255, 255); text-decoration-style: initial; text-decoration-color: initial;\"><span class=\"Attrs--attr--33ShB6X\" style=\"display: inline-block; width: 253.969px; text-overflow: ellipsis; overflow: hidden; padding: 0px 6px; box-sizing: border-box;\" title=\"厂址：甘福园旗舰店\">厂址：甘福园旗舰店</span><span class=\"Attrs--attr--33ShB6X\" style=\"display: inline-block; width: 253.969px; text-overflow: ellipsis; overflow: hidden; padding: 0px 6px; box-sizing: border-box;\" title=\"厂家联系方式：4009039588\">厂家联系方式：4009039588</span><span class=\"Attrs--attr--33ShB6X\" style=\"display: inline-block; width: 253.969px; text-overflow: ellipsis; overflow: hidden; padding: 0px 6px; box-sizing: border-box;\" title=\"配料表：青见果冻橙\">配料表：青见果冻橙</span></div>\n<div class=\"Attrs--attrSection--2_G8xGa\" style=\"word-break: break-all; font-family: \'PingFang SC\'; font-size: 14px; letter-spacing: normal; color: rgb(78, 78, 78); line-height: 16px; margin-top: 14px; white-space: nowrap; overflow: hidden; margin-right: -6px; margin-left: -6px; font-style: normal; font-variant-ligatures: normal; font-variant-caps: normal; font-weight: 400; orphans: 2; text-align: start; text-indent: 0px; text-transform: none; widows: 2; word-spacing: 0px; -webkit-text-stroke-width: 0px; background-color: rgb(255, 255, 255); text-decoration-style: initial; text-decoration-color: initial;\"><span class=\"Attrs--attr--33ShB6X\" style=\"display: inline-block; width: 253.969px; text-overflow: ellipsis; overflow: hidden; padding: 0px 6px; box-sizing: border-box;\" title=\"储藏方法：低温保鲜\">储藏方法：低温保鲜</span><span class=\"Attrs--attr--33ShB6X\" style=\"display: inline-block; width: 253.969px; text-overflow: ellipsis; overflow: hidden; padding: 0px 6px; box-sizing: border-box;\" title=\"保质期：7\">保质期：7</span><span class=\"Attrs--attr--33ShB6X\" style=\"display: inline-block; width: 253.969px; text-overflow: ellipsis; overflow: hidden; padding: 0px 6px; box-sizing: border-box; color: rgb(0, 0, 0);\" title=\"食品添加剂：无\">食品添加剂：无</span></div>\n</div>', '005');
INSERT INTO `shangpin` VALUES (30, '040814593329', '芒果一斤海南贵妃芒', 12, '/upload/ea638fab380ff555f7b10b5da1ab9fd2.png', 100, 199, 6.90, '<div class=\"Attrs--attrSection--2_G8xGa\" style=\"word-break: break-all; font-family: \'PingFang SC\'; font-size: 14px; letter-spacing: normal; color: rgb(78, 78, 78); line-height: 16px; margin-top: 14px; white-space: nowrap; overflow: hidden; margin-right: -6px; margin-left: -6px; font-style: normal; font-variant-ligatures: normal; font-variant-caps: normal; font-weight: 400; orphans: 2; text-align: start; text-indent: 0px; text-transform: none; widows: 2; word-spacing: 0px; -webkit-text-stroke-width: 0px; background-color: rgb(255, 255, 255); text-decoration-style: initial; text-decoration-color: initial;\"><span class=\"Attrs--attr--33ShB6X\" style=\"display: inline-block; width: 253.969px; text-overflow: ellipsis; overflow: hidden; padding: 0px 6px; box-sizing: border-box;\" title=\"品牌：无品牌\" data-spm-anchor-id=\"pc_detail.27183998/evo365560b447259.202206.i0.77f67dd6HMfYro\">品牌：无品牌</span><span class=\"Attrs--attr--33ShB6X\" style=\"display: inline-block; width: 253.969px; text-overflow: ellipsis; overflow: hidden; padding: 0px 6px; box-sizing: border-box;\" title=\"系列：海南贵妃芒\">系列：海南贵妃芒</span><span class=\"Attrs--attr--33ShB6X\" style=\"display: inline-block; width: 253.969px; text-overflow: ellipsis; overflow: hidden; padding: 0px 6px; box-sizing: border-box;\" title=\"型号：海南贵妃芒\">型号：海南贵妃芒</span></div>\n<div class=\"Attrs--attrSection--2_G8xGa\" style=\"word-break: break-all; font-family: \'PingFang SC\'; font-size: 14px; letter-spacing: normal; color: rgb(78, 78, 78); line-height: 16px; margin-top: 14px; white-space: nowrap; overflow: hidden; margin-right: -6px; margin-left: -6px; font-style: normal; font-variant-ligatures: normal; font-variant-caps: normal; font-weight: 400; orphans: 2; text-align: start; text-indent: 0px; text-transform: none; widows: 2; word-spacing: 0px; -webkit-text-stroke-width: 0px; background-color: rgb(255, 255, 255); text-decoration-style: initial; text-decoration-color: initial;\"><span class=\"Attrs--attr--33ShB6X\" style=\"display: inline-block; width: 253.969px; text-overflow: ellipsis; overflow: hidden; padding: 0px 6px; box-sizing: border-box;\" title=\"价格：0-50元\">价格：0-50元</span><span class=\"Attrs--attr--33ShB6X\" style=\"display: inline-block; width: 253.969px; text-overflow: ellipsis; overflow: hidden; padding: 0px 6px; box-sizing: border-box;\" title=\"产地：中国大陆\">产地：中国大陆</span><span class=\"Attrs--attr--33ShB6X\" style=\"display: inline-block; width: 253.969px; text-overflow: ellipsis; overflow: hidden; padding: 0px 6px; box-sizing: border-box;\" title=\"省份：海南省\">省份：海南省</span></div>\n<div class=\"Attrs--attrSection--2_G8xGa\" style=\"word-break: break-all; font-family: \'PingFang SC\'; font-size: 14px; letter-spacing: normal; color: rgb(78, 78, 78); line-height: 16px; margin-top: 14px; white-space: nowrap; overflow: hidden; margin-right: -6px; margin-left: -6px; font-style: normal; font-variant-ligatures: normal; font-variant-caps: normal; font-weight: 400; orphans: 2; text-align: start; text-indent: 0px; text-transform: none; widows: 2; word-spacing: 0px; -webkit-text-stroke-width: 0px; background-color: rgb(255, 255, 255); text-decoration-style: initial; text-decoration-color: initial;\"><span class=\"Attrs--attr--33ShB6X\" style=\"display: inline-block; width: 253.969px; text-overflow: ellipsis; overflow: hidden; padding: 0px 6px; box-sizing: border-box;\" title=\"城市：海口市\">城市：海口市</span><span class=\"Attrs--attr--33ShB6X\" style=\"display: inline-block; width: 253.969px; text-overflow: ellipsis; overflow: hidden; padding: 0px 6px; box-sizing: border-box;\" title=\"包装种类：箱装\">包装种类：箱装</span><span class=\"Attrs--attr--33ShB6X\" style=\"display: inline-block; width: 253.969px; text-overflow: ellipsis; overflow: hidden; padding: 0px 6px; box-sizing: border-box;\" title=\"是否为有机食品：否\">是否为有机食品：否</span></div>\n<div class=\"Attrs--attrSection--2_G8xGa\" style=\"word-break: break-all; font-family: \'PingFang SC\'; font-size: 14px; letter-spacing: normal; color: rgb(78, 78, 78); line-height: 16px; margin-top: 14px; white-space: nowrap; overflow: hidden; margin-right: -6px; margin-left: -6px; font-style: normal; font-variant-ligatures: normal; font-variant-caps: normal; font-weight: 400; orphans: 2; text-align: start; text-indent: 0px; text-transform: none; widows: 2; word-spacing: 0px; -webkit-text-stroke-width: 0px; background-color: rgb(255, 255, 255); text-decoration-style: initial; text-decoration-color: initial;\"><span class=\"Attrs--attr--33ShB6X\" style=\"display: inline-block; width: 253.969px; text-overflow: ellipsis; overflow: hidden; padding: 0px 6px; box-sizing: border-box;\" title=\"包装方式：包装\">包装方式：包装</span><span class=\"Attrs--attr--33ShB6X\" style=\"display: inline-block; width: 253.969px; text-overflow: ellipsis; overflow: hidden; padding: 0px 6px; box-sizing: border-box;\" title=\"售卖方式：单品\">售卖方式：单品</span><span class=\"Attrs--attr--33ShB6X\" style=\"display: inline-block; width: 253.969px; text-overflow: ellipsis; overflow: hidden; padding: 0px 6px; box-sizing: border-box;\" title=\"套餐份量：3人份\">套餐份量：3人份</span></div>\n<div class=\"Attrs--attrSection--2_G8xGa\" style=\"word-break: break-all; font-family: \'PingFang SC\'; font-size: 14px; letter-spacing: normal; color: rgb(78, 78, 78); line-height: 16px; margin-top: 14px; white-space: nowrap; overflow: hidden; margin-right: -6px; margin-left: -6px; font-style: normal; font-variant-ligatures: normal; font-variant-caps: normal; font-weight: 400; orphans: 2; text-align: start; text-indent: 0px; text-transform: none; widows: 2; word-spacing: 0px; -webkit-text-stroke-width: 0px; background-color: rgb(255, 255, 255); text-decoration-style: initial; text-decoration-color: initial;\"><span class=\"Attrs--attr--33ShB6X\" style=\"display: inline-block; width: 253.969px; text-overflow: ellipsis; overflow: hidden; padding: 0px 6px; box-sizing: border-box;\" title=\"套餐周期：1周\">套餐周期：1周</span><span class=\"Attrs--attr--33ShB6X\" style=\"display: inline-block; width: 253.969px; text-overflow: ellipsis; overflow: hidden; padding: 0px 6px; box-sizing: border-box;\" title=\"配送频次：1周2次\">配送频次：1周2次</span><span class=\"Attrs--attr--33ShB6X\" style=\"display: inline-block; width: 253.969px; text-overflow: ellipsis; overflow: hidden; padding: 0px 6px; box-sizing: border-box;\" title=\"特产品类：海南贵妃芒\">特产品类：海南贵妃芒</span></div>\n<div class=\"Attrs--attrSection--2_G8xGa\" style=\"word-break: break-all; font-family: \'PingFang SC\'; font-size: 14px; letter-spacing: normal; color: rgb(78, 78, 78); line-height: 16px; margin-top: 14px; white-space: nowrap; overflow: hidden; margin-right: -6px; margin-left: -6px; font-style: normal; font-variant-ligatures: normal; font-variant-caps: normal; font-weight: 400; orphans: 2; text-align: start; text-indent: 0px; text-transform: none; widows: 2; word-spacing: 0px; -webkit-text-stroke-width: 0px; background-color: rgb(255, 255, 255); text-decoration-style: initial; text-decoration-color: initial;\"><span class=\"Attrs--attr--33ShB6X\" style=\"display: inline-block; width: 253.969px; text-overflow: ellipsis; overflow: hidden; padding: 0px 6px; box-sizing: border-box;\" title=\"水果种类：贵妃芒\">水果种类：贵妃芒</span><span class=\"Attrs--attr--33ShB6X\" style=\"display: inline-block; width: 253.969px; text-overflow: ellipsis; overflow: hidden; padding: 0px 6px; box-sizing: border-box;\" title=\"热卖时间：1月 2月 3月 4月 5月 6月 7月\" data-spm-anchor-id=\"pc_detail.27183998/evo365560b447259.202206.i2.77f67dd6HMfYro\">热卖时间：1月 2月 3月 4月 5月 6月 7月</span><span class=\"Attrs--attr--33ShB6X\" style=\"display: inline-block; width: 253.969px; text-overflow: ellipsis; overflow: hidden; padding: 0px 6px; box-sizing: border-box;\" title=\"原产地：中国\">原产地：中国</span></div>\n<div class=\"Attrs--attrSection--2_G8xGa\" style=\"word-break: break-all; font-family: \'PingFang SC\'; font-size: 14px; letter-spacing: normal; color: rgb(78, 78, 78); line-height: 16px; margin-top: 14px; white-space: nowrap; overflow: hidden; margin-right: -6px; margin-left: -6px; font-style: normal; font-variant-ligatures: normal; font-variant-caps: normal; font-weight: 400; orphans: 2; text-align: start; text-indent: 0px; text-transform: none; widows: 2; word-spacing: 0px; -webkit-text-stroke-width: 0px; background-color: rgb(255, 255, 255); text-decoration-style: initial; text-decoration-color: initial;\"><span class=\"Attrs--attr--33ShB6X\" style=\"display: inline-block; width: 253.969px; text-overflow: ellipsis; overflow: hidden; padding: 0px 6px; box-sizing: border-box;\" title=\"净含量：2斤 3斤 5斤 9斤\">净含量：1斤</span><span class=\"Attrs--attr--33ShB6X\" style=\"display: inline-block; width: 253.969px; text-overflow: ellipsis; overflow: hidden; padding: 0px 6px; box-sizing: border-box;\" title=\"单果规格：带箱小果【单果50-100g】尝鲜体验！ 带箱中果【单果100-150g】饱满多汁，性价比高！ 带箱大果【单果150-200g】核薄肉厚，香甜味浓！ 带箱大大果【单果200g+】精选品质，店长推荐！\" data-spm-anchor-id=\"pc_detail.27183998/evo365560b447259.202206.i1.77f67dd6HMfYro\">单果规格：带箱小果【单果50-100g】尝鲜体验！ 带箱中果【单果100-150g】饱满多汁，性价比高！ 带箱大果【单果150-200g】核薄肉厚，香甜味浓！ 带箱大大果【单果200g+】精选品质，店长推荐！</span><span class=\"Attrs--attr--33ShB6X\" style=\"display: inline-block; width: 253.969px; text-overflow: ellipsis; overflow: hidden; padding: 0px 6px; box-sizing: border-box;\" title=\"生鲜储存温度：0-8℃\">生鲜储存温度：0-8℃</span></div>\n<div class=\"Attrs--attrSection--2_G8xGa\" style=\"word-break: break-all; font-family: \'PingFang SC\'; font-size: 14px; letter-spacing: normal; color: rgb(78, 78, 78); line-height: 16px; margin-top: 14px; white-space: nowrap; overflow: hidden; margin-right: -6px; margin-left: -6px; font-style: normal; font-variant-ligatures: normal; font-variant-caps: normal; font-weight: 400; orphans: 2; text-align: start; text-indent: 0px; text-transform: none; widows: 2; word-spacing: 0px; -webkit-text-stroke-width: 0px; background-color: rgb(255, 255, 255); text-decoration-style: initial; text-decoration-color: initial;\"><span class=\"Attrs--attr--33ShB6X\" style=\"display: inline-block; width: 253.969px; text-overflow: ellipsis; overflow: hidden; padding: 0px 6px; box-sizing: border-box;\" title=\"厂名：海南\">厂名：海南</span><span class=\"Attrs--attr--33ShB6X\" style=\"display: inline-block; width: 253.969px; text-overflow: ellipsis; overflow: hidden; padding: 0px 6px; box-sizing: border-box;\" title=\"厂址：海南\">厂址：海南</span><span class=\"Attrs--attr--33ShB6X\" style=\"display: inline-block; width: 253.969px; text-overflow: ellipsis; overflow: hidden; padding: 0px 6px; box-sizing: border-box;\" title=\"厂家联系方式：18888888888\">厂家联系方式：18888888888</span></div>\n<div class=\"Attrs--attrSection--2_G8xGa\" style=\"word-break: break-all; font-family: \'PingFang SC\'; font-size: 14px; letter-spacing: normal; color: rgb(78, 78, 78); line-height: 16px; margin-top: 14px; white-space: nowrap; overflow: hidden; margin-right: -6px; margin-left: -6px; font-style: normal; font-variant-ligatures: normal; font-variant-caps: normal; font-weight: 400; orphans: 2; text-align: start; text-indent: 0px; text-transform: none; widows: 2; word-spacing: 0px; -webkit-text-stroke-width: 0px; background-color: rgb(255, 255, 255); text-decoration-style: initial; text-decoration-color: initial;\"><span class=\"Attrs--attr--33ShB6X\" style=\"display: inline-block; width: 253.969px; text-overflow: ellipsis; overflow: hidden; padding: 0px 6px; box-sizing: border-box;\" title=\"配料表：新鲜贵妃芒\">配料表：新鲜贵妃芒</span><span class=\"Attrs--attr--33ShB6X\" style=\"display: inline-block; width: 253.969px; text-overflow: ellipsis; overflow: hidden; padding: 0px 6px; box-sizing: border-box;\" title=\"储藏方法：低温保鲜\">储藏方法：低温保鲜</span><span class=\"Attrs--attr--33ShB6X\" style=\"display: inline-block; width: 253.969px; text-overflow: ellipsis; overflow: hidden; padding: 0px 6px; box-sizing: border-box;\" title=\"保质期：7\">保质期：7</span></div>\n<div class=\"Attrs--attrSection--2_G8xGa\" style=\"word-break: break-all; font-family: \'PingFang SC\'; font-size: 14px; letter-spacing: normal; color: rgb(78, 78, 78); line-height: 16px; margin-top: 14px; white-space: nowrap; overflow: hidden; margin-right: -6px; margin-left: -6px; font-style: normal; font-variant-ligatures: normal; font-variant-caps: normal; font-weight: 400; orphans: 2; text-align: start; text-indent: 0px; text-transform: none; widows: 2; word-spacing: 0px; -webkit-text-stroke-width: 0px; background-color: rgb(255, 255, 255); text-decoration-style: initial; text-decoration-color: initial;\"><span class=\"Attrs--attr--33ShB6X\" style=\"display: inline-block; width: 253.969px; text-overflow: ellipsis; overflow: hidden; padding: 0px 6px; box-sizing: border-box;\" title=\"食品添加剂：绿色无污染种植\">食品添加剂：绿色无污染种植</span></div>', '005');
INSERT INTO `shangpin` VALUES (31, '040815511565', '原切土鸡块500g散养土鸡块半只', 14, '/upload/ec6b02fca61c7292658d2a7848263805.png', 25, 50, 39.90, '<div class=\"Attrs--attrSection--2_G8xGa\" style=\"word-break: break-all; font-family: \'PingFang SC\'; font-size: 14px; letter-spacing: normal; color: rgb(78, 78, 78); line-height: 16px; margin-top: 14px; white-space: nowrap; overflow: hidden; margin-right: -6px; margin-left: -6px; font-style: normal; font-variant-ligatures: normal; font-variant-caps: normal; font-weight: 400; orphans: 2; text-align: start; text-indent: 0px; text-transform: none; widows: 2; word-spacing: 0px; -webkit-text-stroke-width: 0px; background-color: rgb(255, 255, 255); text-decoration-style: initial; text-decoration-color: initial;\"><span class=\"Attrs--attr--33ShB6X\" style=\"display: inline-block; width: 253.969px; text-overflow: ellipsis; overflow: hidden; padding: 0px 6px; box-sizing: border-box;\" title=\"品牌：温氏食品\" data-spm-anchor-id=\"pc_detail.27183998/evo365560b447259.202206.i0.121e7dd62KLl0Z\">品牌：温氏食品</span><span class=\"Attrs--attr--33ShB6X\" style=\"display: inline-block; width: 253.969px; text-overflow: ellipsis; overflow: hidden; padding: 0px 6px; box-sizing: border-box;\" title=\"净含量：500g\">净含量：500g</span><span class=\"Attrs--attr--33ShB6X\" style=\"display: inline-block; width: 253.969px; text-overflow: ellipsis; overflow: hidden; padding: 0px 6px; box-sizing: border-box;\" title=\"品种：土鸡\">品种：土鸡</span></div>\n<div class=\"Attrs--attrSection--2_G8xGa\" style=\"word-break: break-all; font-family: \'PingFang SC\'; font-size: 14px; letter-spacing: normal; color: rgb(78, 78, 78); line-height: 16px; margin-top: 14px; white-space: nowrap; overflow: hidden; margin-right: -6px; margin-left: -6px; font-style: normal; font-variant-ligatures: normal; font-variant-caps: normal; font-weight: 400; orphans: 2; text-align: start; text-indent: 0px; text-transform: none; widows: 2; word-spacing: 0px; -webkit-text-stroke-width: 0px; background-color: rgb(255, 255, 255); text-decoration-style: initial; text-decoration-color: initial;\"><span class=\"Attrs--attr--33ShB6X\" style=\"display: inline-block; width: 253.969px; text-overflow: ellipsis; overflow: hidden; padding: 0px 6px; box-sizing: border-box;\" title=\"产地：中国大陆\">产地：中国大陆</span><span class=\"Attrs--attr--33ShB6X\" style=\"display: inline-block; width: 253.969px; text-overflow: ellipsis; overflow: hidden; padding: 0px 6px; box-sizing: border-box;\" title=\"省份：广东省\">省份：广东省</span><span class=\"Attrs--attr--33ShB6X\" style=\"display: inline-block; width: 253.969px; text-overflow: ellipsis; overflow: hidden; padding: 0px 6px; box-sizing: border-box;\" title=\"城市：云浮市\">城市：云浮市</span></div>\n<div class=\"Attrs--attrSection--2_G8xGa\" style=\"word-break: break-all; font-family: \'PingFang SC\'; font-size: 14px; letter-spacing: normal; color: rgb(78, 78, 78); line-height: 16px; margin-top: 14px; white-space: nowrap; overflow: hidden; margin-right: -6px; margin-left: -6px; font-style: normal; font-variant-ligatures: normal; font-variant-caps: normal; font-weight: 400; orphans: 2; text-align: start; text-indent: 0px; text-transform: none; widows: 2; word-spacing: 0px; -webkit-text-stroke-width: 0px; background-color: rgb(255, 255, 255); text-decoration-style: initial; text-decoration-color: initial;\"><span class=\"Attrs--attr--33ShB6X\" style=\"display: inline-block; width: 253.969px; text-overflow: ellipsis; overflow: hidden; padding: 0px 6px; box-sizing: border-box;\" title=\"口味：原切土鸡块500g\">口味：原切土鸡块500g</span><span class=\"Attrs--attr--33ShB6X\" style=\"display: inline-block; width: 253.969px; text-overflow: ellipsis; overflow: hidden; padding: 0px 6px; box-sizing: border-box;\" title=\"包装方式：包装\">包装方式：包装</span><span class=\"Attrs--attr--33ShB6X\" style=\"display: inline-block; width: 253.969px; text-overflow: ellipsis; overflow: hidden; padding: 0px 6px; box-sizing: border-box;\" title=\"售卖方式：单品\">售卖方式：单品</span></div>\n<div class=\"Attrs--attrSection--2_G8xGa\" style=\"word-break: break-all; font-family: \'PingFang SC\'; font-size: 14px; letter-spacing: normal; color: rgb(78, 78, 78); line-height: 16px; margin-top: 14px; white-space: nowrap; overflow: hidden; margin-right: -6px; margin-left: -6px; font-style: normal; font-variant-ligatures: normal; font-variant-caps: normal; font-weight: 400; orphans: 2; text-align: start; text-indent: 0px; text-transform: none; widows: 2; word-spacing: 0px; -webkit-text-stroke-width: 0px; background-color: rgb(255, 255, 255); text-decoration-style: initial; text-decoration-color: initial;\"><span class=\"Attrs--attr--33ShB6X\" style=\"display: inline-block; width: 253.969px; text-overflow: ellipsis; overflow: hidden; padding: 0px 6px; box-sizing: border-box;\" title=\"套餐份量：1人份\">套餐份量：1人份</span><span class=\"Attrs--attr--33ShB6X\" style=\"display: inline-block; width: 253.969px; text-overflow: ellipsis; overflow: hidden; padding: 0px 6px; box-sizing: border-box;\" title=\"类别：鸡肉丁\">类别：鸡肉丁</span><span class=\"Attrs--attr--33ShB6X\" style=\"display: inline-block; width: 253.969px; text-overflow: ellipsis; overflow: hidden; padding: 0px 6px; box-sizing: border-box;\" title=\"生鲜储存温度：-18℃\">生鲜储存温度：-18℃</span></div>\n<div class=\"Attrs--attrSection--2_G8xGa\" style=\"word-break: break-all; font-family: \'PingFang SC\'; font-size: 14px; letter-spacing: normal; color: rgb(78, 78, 78); line-height: 16px; margin-top: 14px; white-space: nowrap; overflow: hidden; margin-right: -6px; margin-left: -6px; font-style: normal; font-variant-ligatures: normal; font-variant-caps: normal; font-weight: 400; orphans: 2; text-align: start; text-indent: 0px; text-transform: none; widows: 2; word-spacing: 0px; -webkit-text-stroke-width: 0px; background-color: rgb(255, 255, 255); text-decoration-style: initial; text-decoration-color: initial;\"><span class=\"Attrs--attr--33ShB6X\" style=\"display: inline-block; width: 253.969px; text-overflow: ellipsis; overflow: hidden; padding: 0px 6px; box-sizing: border-box;\" title=\"单件重量：500g\">单件重量：500g</span><span class=\"Attrs--attr--33ShB6X\" style=\"display: inline-block; width: 253.969px; text-overflow: ellipsis; overflow: hidden; padding: 0px 6px; box-sizing: border-box; color: rgb(0, 0, 0);\" title=\"饲养方式：散养\">饲养方式：散养</span></div>', '005');
INSERT INTO `shangpin` VALUES (34, '041215096249', '小白嘴山药实拍带土软糯麻山药蔬菜山药30-40cm', 13, '/upload/7a9c2ffcb57526b5b0a270c702defcef.png', 50, 298, 16.90, '<div class=\"Attrs--attrSection--2_G8xGa\" style=\"word-break: break-all; font-family: \'PingFang SC\'; font-size: 14px; letter-spacing: normal; color: rgb(78, 78, 78); line-height: 16px; margin-top: 14px; white-space: nowrap; overflow: hidden; margin-right: -6px; margin-left: -6px; font-style: normal; font-variant-ligatures: normal; font-variant-caps: normal; font-weight: 400; orphans: 2; text-align: start; text-indent: 0px; text-transform: none; widows: 2; word-spacing: 0px; -webkit-text-stroke-width: 0px; background-color: rgb(255, 255, 255); text-decoration-style: initial; text-decoration-color: initial;\"><span class=\"Attrs--attr--33ShB6X\" style=\"display: inline-block; width: 253.969px; text-overflow: ellipsis; overflow: hidden; padding: 0px 6px; box-sizing: border-box;\" title=\"品牌：蠡家优农\">品牌：蠡家优农</span><span class=\"Attrs--attr--33ShB6X\" style=\"display: inline-block; width: 253.969px; text-overflow: ellipsis; overflow: hidden; padding: 0px 6px; box-sizing: border-box;\" title=\"系列：小白嘴山药\">系列：小白嘴山药</span><span class=\"Attrs--attr--33ShB6X\" style=\"display: inline-block; width: 253.969px; text-overflow: ellipsis; overflow: hidden; padding: 0px 6px; box-sizing: border-box;\" title=\"型号：小白嘴\">型号：小白嘴</span></div>\n<div class=\"Attrs--attrSection--2_G8xGa\" style=\"word-break: break-all; font-family: \'PingFang SC\'; font-size: 14px; letter-spacing: normal; color: rgb(78, 78, 78); line-height: 16px; margin-top: 14px; white-space: nowrap; overflow: hidden; margin-right: -6px; margin-left: -6px; font-style: normal; font-variant-ligatures: normal; font-variant-caps: normal; font-weight: 400; orphans: 2; text-align: start; text-indent: 0px; text-transform: none; widows: 2; word-spacing: 0px; -webkit-text-stroke-width: 0px; background-color: rgb(255, 255, 255); text-decoration-style: initial; text-decoration-color: initial;\"><span class=\"Attrs--attr--33ShB6X\" style=\"display: inline-block; width: 253.969px; text-overflow: ellipsis; overflow: hidden; padding: 0px 6px; box-sizing: border-box;\" title=\"产地：中国大陆\">产地：中国大陆</span><span class=\"Attrs--attr--33ShB6X\" style=\"display: inline-block; width: 253.969px; text-overflow: ellipsis; overflow: hidden; padding: 0px 6px; box-sizing: border-box;\" title=\"省份：河北省\">省份：河北省</span><span class=\"Attrs--attr--33ShB6X\" style=\"display: inline-block; width: 253.969px; text-overflow: ellipsis; overflow: hidden; padding: 0px 6px; box-sizing: border-box;\" title=\"城市：保定市\">城市：保定市</span></div>\n<div class=\"Attrs--attrSection--2_G8xGa\" style=\"word-break: break-all; font-family: \'PingFang SC\'; font-size: 14px; letter-spacing: normal; color: rgb(78, 78, 78); line-height: 16px; margin-top: 14px; white-space: nowrap; overflow: hidden; margin-right: -6px; margin-left: -6px; font-style: normal; font-variant-ligatures: normal; font-variant-caps: normal; font-weight: 400; orphans: 2; text-align: start; text-indent: 0px; text-transform: none; widows: 2; word-spacing: 0px; -webkit-text-stroke-width: 0px; background-color: rgb(255, 255, 255); text-decoration-style: initial; text-decoration-color: initial;\"><span class=\"Attrs--attr--33ShB6X\" style=\"display: inline-block; width: 253.969px; text-overflow: ellipsis; overflow: hidden; padding: 0px 6px; box-sizing: border-box;\" title=\"包装方式：散装\">包装方式：散装</span><span class=\"Attrs--attr--33ShB6X\" style=\"display: inline-block; width: 253.969px; text-overflow: ellipsis; overflow: hidden; padding: 0px 6px; box-sizing: border-box;\" title=\"特产品类：河北小白嘴山药\">特产品类：河北小白嘴山药</span><span class=\"Attrs--attr--33ShB6X\" style=\"display: inline-block; width: 253.969px; text-overflow: ellipsis; overflow: hidden; padding: 0px 6px; box-sizing: border-box;\" title=\"净含量：3斤 5斤\">净含量：3斤 5斤</span></div>\n<div class=\"Attrs--attrSection--2_G8xGa\" style=\"word-break: break-all; font-family: \'PingFang SC\'; font-size: 14px; letter-spacing: normal; color: rgb(78, 78, 78); line-height: 16px; margin-top: 14px; white-space: nowrap; overflow: hidden; margin-right: -6px; margin-left: -6px; font-style: normal; font-variant-ligatures: normal; font-variant-caps: normal; font-weight: 400; orphans: 2; text-align: start; text-indent: 0px; text-transform: none; widows: 2; word-spacing: 0px; -webkit-text-stroke-width: 0px; background-color: rgb(255, 255, 255); text-decoration-style: initial; text-decoration-color: initial;\"><span class=\"Attrs--attr--33ShB6X\" style=\"display: inline-block; width: 253.969px; text-overflow: ellipsis; overflow: hidden; padding: 0px 6px; box-sizing: border-box;\" title=\"食用方式：蒸煮食用\">食用方式：蒸煮食用</span><span class=\"Attrs--attr--33ShB6X\" style=\"display: inline-block; width: 253.969px; text-overflow: ellipsis; overflow: hidden; padding: 0px 6px; box-sizing: border-box;\" title=\"厂名：保定婕贤商贸有限公司\">厂名：保定婕贤商贸有限公司</span><span class=\"Attrs--attr--33ShB6X\" style=\"display: inline-block; width: 253.969px; text-overflow: ellipsis; overflow: hidden; padding: 0px 6px; box-sizing: border-box;\" title=\"厂址：河北省保定市蠡县\">厂址：河北省保定市蠡县</span></div>\n<div class=\"Attrs--attrSection--2_G8xGa\" style=\"word-break: break-all; font-family: \'PingFang SC\'; font-size: 14px; letter-spacing: normal; color: rgb(78, 78, 78); line-height: 16px; margin-top: 14px; white-space: nowrap; overflow: hidden; margin-right: -6px; margin-left: -6px; font-style: normal; font-variant-ligatures: normal; font-variant-caps: normal; font-weight: 400; orphans: 2; text-align: start; text-indent: 0px; text-transform: none; widows: 2; word-spacing: 0px; -webkit-text-stroke-width: 0px; background-color: rgb(255, 255, 255); text-decoration-style: initial; text-decoration-color: initial;\"><span class=\"Attrs--attr--33ShB6X\" style=\"display: inline-block; width: 253.969px; text-overflow: ellipsis; overflow: hidden; padding: 0px 6px; box-sizing: border-box;\" title=\"保质期：30\">保质期：30</span></div>', '100');
INSERT INTO `shangpin` VALUES (39, '041517415801', '西红柿', 13, '/upload/62435292e7af7b68a68c3e9e86985836.png', 100, 300, 4.00, '', '100');

-- ----------------------------
-- Table structure for tuihuanhuo
-- ----------------------------
DROP TABLE IF EXISTS `tuihuanhuo`;
CREATE TABLE `tuihuanhuo`  (
  `id` int UNSIGNED NOT NULL AUTO_INCREMENT,
  `dingdanid` int UNSIGNED NOT NULL COMMENT '订单id',
  `shangpinid` int UNSIGNED NOT NULL COMMENT '商品id',
  `bianhao` varchar(50) CHARACTER SET utf8mb4 COLLATE utf8mb4_0900_ai_ci NOT NULL COMMENT '编号',
  `mingcheng` varchar(255) CHARACTER SET utf8mb4 COLLATE utf8mb4_0900_ai_ci NOT NULL COMMENT '名称',
  `fenlei` int UNSIGNED NOT NULL COMMENT '分类',
  `jiage` decimal(10, 2) NOT NULL DEFAULT 0.00 COMMENT '价格',
  `tupian` varchar(255) CHARACTER SET utf8mb4 COLLATE utf8mb4_0900_ai_ci NOT NULL COMMENT '图片',
  `shuliang` int NOT NULL DEFAULT 0 COMMENT '数量',
  `zonge` decimal(10, 2) NOT NULL DEFAULT 0.00 COMMENT '总额',
  `xingming` varchar(50) CHARACTER SET utf8mb4 COLLATE utf8mb4_0900_ai_ci NOT NULL COMMENT '姓名',
  `lianxifangshi` varchar(50) CHARACTER SET utf8mb4 COLLATE utf8mb4_0900_ai_ci NOT NULL COMMENT '联系方式',
  `dizhi` varchar(50) CHARACTER SET utf8mb4 COLLATE utf8mb4_0900_ai_ci NOT NULL COMMENT '地址',
  `tianjiaren` varchar(50) CHARACTER SET utf8mb4 COLLATE utf8mb4_0900_ai_ci NOT NULL COMMENT '添加人',
  `leixing` varchar(50) CHARACTER SET utf8mb4 COLLATE utf8mb4_0900_ai_ci NOT NULL COMMENT '类型',
  `tuihuanhuozhuangtai` varchar(50) CHARACTER SET utf8mb4 COLLATE utf8mb4_0900_ai_ci NOT NULL COMMENT '退换货状态',
  `tuihuanmiaoshu` text CHARACTER SET utf8mb4 COLLATE utf8mb4_0900_ai_ci NOT NULL COMMENT '退换描述',
  `caozuoren` varchar(50) CHARACTER SET utf8mb4 COLLATE utf8mb4_0900_ai_ci NOT NULL COMMENT '操作人',
  `addtime` timestamp NOT NULL DEFAULT CURRENT_TIMESTAMP COMMENT '添加时间',
  PRIMARY KEY (`id`) USING BTREE,
  INDEX `tuihuanhuo_dingdanid_index`(`dingdanid` ASC) USING BTREE,
  INDEX `tuihuanhuo_shangpinid_index`(`shangpinid` ASC) USING BTREE,
  INDEX `tuihuanhuo_fenlei_index`(`fenlei` ASC) USING BTREE
) ENGINE = InnoDB AUTO_INCREMENT = 8 CHARACTER SET = utf8mb4 COLLATE = utf8mb4_0900_ai_ci COMMENT = '退换货' ROW_FORMAT = Dynamic;

-- ----------------------------
-- Records of tuihuanhuo
-- ----------------------------
INSERT INTO `tuihuanhuo` VALUES (3, 4, 30, '040814593329', '芒果一斤海南贵妃芒', 12, 6.90, '/upload/ea638fab380ff555f7b10b5da1ab9fd2.png', 1, 6.90, '王', '1560132564', '河南省郑州市金水区', '001', '退货', '已通过', '不想要了', '001', '2024-04-11 23:46:18');
INSERT INTO `tuihuanhuo` VALUES (4, 8, 19, '032922398317', '进口红毛丹水果新鲜毛荔枝1斤新鲜水果', 12, 18.80, '/upload/677bd407182a558f15b60eb683231de2.png', 1, 18.80, '王', '13265478903', '河南省郑州市二七区', '001', '退货', '已入库', '我不喜欢', '001', '2024-04-12 00:02:59');
INSERT INTO `tuihuanhuo` VALUES (5, 7, 18, '032922398317', '绿心海沃德猕猴桃新鲜水果3斤', 12, 21.80, '/upload/cf80c4a05d7cf4db0cdda502516ab917.png', 6, 130.80, '王', '13265478902', '河南省郑州市二七区', '001', '换货', '待审核', '有坏的', '001', '2024-04-13 16:42:54');
INSERT INTO `tuihuanhuo` VALUES (6, 6, 17, '032922398317', '圣女果小黄瓜新鲜组合樱桃番茄水果青瓜千禧西红柿子生吃2斤', 13, 38.80, '/upload/62435292e7af7b68a68c3e9e86985836.png', 3, 116.40, '张三', '13265478902', '河南省郑州市二七区', '001', '退货', '待审核', '', '001', '2024-04-13 23:16:23');
INSERT INTO `tuihuanhuo` VALUES (7, 14, 17, '032922398317', '圣女果小黄瓜新鲜组合樱桃番茄水果青瓜千禧西红柿子生吃2斤', 13, 38.80, '/upload/62435292e7af7b68a68c3e9e86985836.png', 4, 155.20, '王', '15660136666', '河南省郑州市', '001', '退货', '已通过', '不想要了', '001', '2024-04-15 17:40:58');

-- ----------------------------
-- Table structure for tuihuanshenhe
-- ----------------------------
DROP TABLE IF EXISTS `tuihuanshenhe`;
CREATE TABLE `tuihuanshenhe`  (
  `id` int UNSIGNED NOT NULL AUTO_INCREMENT,
  `tuihuanhuoid` int UNSIGNED NOT NULL COMMENT '退换货id',
  `dingdanid` int UNSIGNED NOT NULL COMMENT '订单id',
  `shangpinid` int UNSIGNED NOT NULL COMMENT '商品id',
  `bianhao` varchar(50) CHARACTER SET utf8mb4 COLLATE utf8mb4_0900_ai_ci NOT NULL COMMENT '编号',
  `mingcheng` varchar(255) CHARACTER SET utf8mb4 COLLATE utf8mb4_0900_ai_ci NOT NULL COMMENT '名称',
  `fenlei` int UNSIGNED NOT NULL COMMENT '分类',
  `jiage` decimal(10, 2) NOT NULL DEFAULT 0.00 COMMENT '价格',
  `tupian` varchar(255) CHARACTER SET utf8mb4 COLLATE utf8mb4_0900_ai_ci NOT NULL COMMENT '图片',
  `shuliang` int NOT NULL DEFAULT 0 COMMENT '数量',
  `zonge` decimal(10, 2) NOT NULL DEFAULT 0.00 COMMENT '总额',
  `xingming` varchar(50) CHARACTER SET utf8mb4 COLLATE utf8mb4_0900_ai_ci NOT NULL COMMENT '姓名',
  `lianxifangshi` varchar(50) CHARACTER SET utf8mb4 COLLATE utf8mb4_0900_ai_ci NOT NULL COMMENT '联系方式',
  `dizhi` varchar(50) CHARACTER SET utf8mb4 COLLATE utf8mb4_0900_ai_ci NOT NULL COMMENT '地址',
  `leixing` varchar(50) CHARACTER SET utf8mb4 COLLATE utf8mb4_0900_ai_ci NOT NULL COMMENT '类型',
  `caozuoren` varchar(50) CHARACTER SET utf8mb4 COLLATE utf8mb4_0900_ai_ci NOT NULL COMMENT '操作人',
  `tianjiaren` varchar(50) CHARACTER SET utf8mb4 COLLATE utf8mb4_0900_ai_ci NOT NULL COMMENT '添加人',
  `shenhejieguo` varchar(50) CHARACTER SET utf8mb4 COLLATE utf8mb4_0900_ai_ci NOT NULL COMMENT '审核结果',
  `shenhebeizhu` text CHARACTER SET utf8mb4 COLLATE utf8mb4_0900_ai_ci NOT NULL COMMENT '审核备注',
  `shenheren` varchar(50) CHARACTER SET utf8mb4 COLLATE utf8mb4_0900_ai_ci NOT NULL COMMENT '审核人',
  `addtime` timestamp NOT NULL DEFAULT CURRENT_TIMESTAMP COMMENT '添加时间',
  PRIMARY KEY (`id`) USING BTREE,
  INDEX `tuihuanshenhe_tuihuanhuoid_index`(`tuihuanhuoid` ASC) USING BTREE,
  INDEX `tuihuanshenhe_dingdanid_index`(`dingdanid` ASC) USING BTREE,
  INDEX `tuihuanshenhe_shangpinid_index`(`shangpinid` ASC) USING BTREE,
  INDEX `tuihuanshenhe_fenlei_index`(`fenlei` ASC) USING BTREE
) ENGINE = InnoDB AUTO_INCREMENT = 6 CHARACTER SET = utf8mb4 COLLATE = utf8mb4_0900_ai_ci COMMENT = '退换审核' ROW_FORMAT = Dynamic;

-- ----------------------------
-- Records of tuihuanshenhe
-- ----------------------------
INSERT INTO `tuihuanshenhe` VALUES (3, 3, 4, 30, '040814593329', '芒果一斤海南贵妃芒', 12, 6.90, '/upload/ea638fab380ff555f7b10b5da1ab9fd2.png', 1, 6.90, '王', '1560132564', '河南省郑州市金水区', '退货', '001', '001', '已通过', '', '005', '2024-04-11 23:47:34');
INSERT INTO `tuihuanshenhe` VALUES (4, 4, 8, 19, '032922398317', '进口红毛丹水果新鲜毛荔枝1斤新鲜水果', 12, 18.80, '/upload/677bd407182a558f15b60eb683231de2.png', 1, 18.80, '王', '13265478903', '河南省郑州市二七区', '退货', '001', '001', '已通过', '可惜', '100', '2024-04-12 00:11:23');
INSERT INTO `tuihuanshenhe` VALUES (5, 7, 14, 17, '032922398317', '圣女果小黄瓜新鲜组合樱桃番茄水果青瓜千禧西红柿子生吃2斤', 13, 38.80, '/upload/62435292e7af7b68a68c3e9e86985836.png', 4, 155.20, '王', '15660136666', '河南省郑州市', '退货', '001', '001', '已通过', '', '100', '2024-04-15 17:41:11');

-- ----------------------------
-- Table structure for yonghu
-- ----------------------------
DROP TABLE IF EXISTS `yonghu`;
CREATE TABLE `yonghu`  (
  `id` int UNSIGNED NOT NULL AUTO_INCREMENT,
  `username` varchar(50) CHARACTER SET utf8mb4 COLLATE utf8mb4_0900_ai_ci NOT NULL COMMENT '用户名',
  `pwd` varchar(50) CHARACTER SET utf8mb4 COLLATE utf8mb4_0900_ai_ci NOT NULL COMMENT '密码',
  `xingming` varchar(50) CHARACTER SET utf8mb4 COLLATE utf8mb4_0900_ai_ci NOT NULL COMMENT '姓名',
  `xingbie` varchar(10) CHARACTER SET utf8mb4 COLLATE utf8mb4_0900_ai_ci NOT NULL COMMENT '性别',
  `shouji` varchar(50) CHARACTER SET utf8mb4 COLLATE utf8mb4_0900_ai_ci NOT NULL COMMENT '手机',
  `touxiang` varchar(255) CHARACTER SET utf8mb4 COLLATE utf8mb4_0900_ai_ci NOT NULL COMMENT '头像',
  `juese` int UNSIGNED NOT NULL COMMENT '角色',
  PRIMARY KEY (`id`) USING BTREE,
  INDEX `yonghu_juese_index`(`juese` ASC) USING BTREE
) ENGINE = InnoDB AUTO_INCREMENT = 17 CHARACTER SET = utf8mb4 COLLATE = utf8mb4_0900_ai_ci COMMENT = '用户' ROW_FORMAT = Dynamic;

-- ----------------------------
-- Records of yonghu
-- ----------------------------
INSERT INTO `yonghu` VALUES (1, 'admin', 'admin', '', '男', '15666459892', '/', 0);
INSERT INTO `yonghu` VALUES (2, '001', '001', '张三', '女', '13612341234', '/upload/e2fb68ee6fedd7fbadb6c07c3378205b.jpeg', 1);
INSERT INTO `yonghu` VALUES (6, '002', '002', '小明', '男', '13612341234', '/upload/34a6a80f581d6ecde4e4b01498cb0653.jpeg', 1);
INSERT INTO `yonghu` VALUES (13, '005', '005', '赵伟', '男', '13612345612', '/upload/d90aed572ea6cbf8bd18ee7ab8762746.jpg', 3);
INSERT INTO `yonghu` VALUES (14, '100', '100', '张斐', '女', '13612345610', '/upload/2fd1dcdc6db218f03dfe3f340b49b548.jpg', 3);
INSERT INTO `yonghu` VALUES (15, '006', '006', '兰兰', '女', '13612345610', '/upload/2c2e05e41ffaf5a0824b9205cd92acac.png', 3);

-- ----------------------------
-- Table structure for zengpin
-- ----------------------------
DROP TABLE IF EXISTS `zengpin`;
CREATE TABLE `zengpin`  (
  `id` int UNSIGNED NOT NULL AUTO_INCREMENT,
  `bianhao` varchar(50) CHARACTER SET utf8mb4 COLLATE utf8mb4_0900_ai_ci NOT NULL COMMENT '编号',
  `mingcheng` varchar(255) CHARACTER SET utf8mb4 COLLATE utf8mb4_0900_ai_ci NOT NULL COMMENT '名称',
  `zengyushangpin` int UNSIGNED NOT NULL COMMENT '赠与商品',
  `fenlei` int UNSIGNED NOT NULL COMMENT '分类',
  `tupian` varchar(255) CHARACTER SET utf8mb4 COLLATE utf8mb4_0900_ai_ci NOT NULL COMMENT '图片',
  `kucunyuzhi` int NOT NULL DEFAULT 0 COMMENT '库存阈值',
  `kucun` int NOT NULL DEFAULT 0 COMMENT '库存',
  `jiage` decimal(10, 2) NOT NULL DEFAULT 0.00 COMMENT '价格',
  `xiangqing` longtext CHARACTER SET utf8mb4 COLLATE utf8mb4_0900_ai_ci NOT NULL COMMENT '详情',
  `tianjiaren` varchar(50) CHARACTER SET utf8mb4 COLLATE utf8mb4_0900_ai_ci NOT NULL COMMENT '添加人',
  PRIMARY KEY (`id`) USING BTREE,
  INDEX `zengpin_zengyushangpin_index`(`zengyushangpin` ASC) USING BTREE,
  INDEX `zengpin_fenlei_index`(`fenlei` ASC) USING BTREE
) ENGINE = InnoDB AUTO_INCREMENT = 10 CHARACTER SET = utf8mb4 COLLATE = utf8mb4_0900_ai_ci COMMENT = '赠品' ROW_FORMAT = Dynamic;

-- ----------------------------
-- Records of zengpin
-- ----------------------------
INSERT INTO `zengpin` VALUES (7, '041200368315', '鲜甜糯玉米1根', 17, 13, '/upload/c774a38efb148ae3add5b18708a490cf.png', 5, 196, 2.00, '<div class=\"Attrs--attrSection--2_G8xGa\" style=\"word-break: break-all; font-family: \'PingFang SC\'; font-size: 14px; letter-spacing: normal; color: rgb(78, 78, 78); line-height: 16px; margin-top: 14px; white-space: nowrap; overflow: hidden; margin-right: -6px; margin-left: -6px; font-style: normal; font-variant-ligatures: normal; font-variant-caps: normal; font-weight: 400; orphans: 2; text-align: start; text-indent: 0px; text-transform: none; widows: 2; word-spacing: 0px; -webkit-text-stroke-width: 0px; background-color: rgb(255, 255, 255); text-decoration-style: initial; text-decoration-color: initial;\"><span class=\"Attrs--attr--33ShB6X\" style=\"display: inline-block; width: 253.969px; text-overflow: ellipsis; overflow: hidden; padding: 0px 6px; box-sizing: border-box;\" title=\"品牌：北纬47&deg;\">品牌：北纬47&deg;</span><span class=\"Attrs--attr--33ShB6X\" style=\"display: inline-block; width: 253.969px; text-overflow: ellipsis; overflow: hidden; padding: 0px 6px; box-sizing: border-box;\" title=\"系列：糯玉米\">系列：糯玉米</span><span class=\"Attrs--attr--33ShB6X\" style=\"display: inline-block; width: 253.969px; text-overflow: ellipsis; overflow: hidden; padding: 0px 6px; box-sizing: border-box;\" title=\"规格：200g*6穗/10穗\">规格：1</span></div>\n<div class=\"Attrs--attrSection--2_G8xGa\" style=\"word-break: break-all; font-family: \'PingFang SC\'; font-size: 14px; letter-spacing: normal; color: rgb(78, 78, 78); line-height: 16px; margin-top: 14px; white-space: nowrap; overflow: hidden; margin-right: -6px; margin-left: -6px; font-style: normal; font-variant-ligatures: normal; font-variant-caps: normal; font-weight: 400; orphans: 2; text-align: start; text-indent: 0px; text-transform: none; widows: 2; word-spacing: 0px; -webkit-text-stroke-width: 0px; background-color: rgb(255, 255, 255); text-decoration-style: initial; text-decoration-color: initial;\"><span class=\"Attrs--attr--33ShB6X\" style=\"display: inline-block; width: 253.969px; text-overflow: ellipsis; overflow: hidden; padding: 0px 6px; box-sizing: border-box;\" title=\"产地：中国大陆\">产地：中国大陆</span><span class=\"Attrs--attr--33ShB6X\" style=\"display: inline-block; width: 253.969px; text-overflow: ellipsis; overflow: hidden; padding: 0px 6px; box-sizing: border-box;\" title=\"省份：黑龙江省\">省份：黑龙江省</span><span class=\"Attrs--attr--33ShB6X\" style=\"display: inline-block; width: 253.969px; text-overflow: ellipsis; overflow: hidden; padding: 0px 6px; box-sizing: border-box;\" title=\"城市：齐齐哈尔市\">城市：齐齐哈尔市</span></div>\n<div class=\"Attrs--attrSection--2_G8xGa\" style=\"word-break: break-all; font-family: \'PingFang SC\'; font-size: 14px; letter-spacing: normal; color: rgb(78, 78, 78); line-height: 16px; margin-top: 14px; white-space: nowrap; overflow: hidden; margin-right: -6px; margin-left: -6px; font-style: normal; font-variant-ligatures: normal; font-variant-caps: normal; font-weight: 400; orphans: 2; text-align: start; text-indent: 0px; text-transform: none; widows: 2; word-spacing: 0px; -webkit-text-stroke-width: 0px; background-color: rgb(255, 255, 255); text-decoration-style: initial; text-decoration-color: initial;\"><span class=\"Attrs--attr--33ShB6X\" style=\"display: inline-block; width: 253.969px; text-overflow: ellipsis; overflow: hidden; padding: 0px 6px; box-sizing: border-box;\" title=\"口味：北纬47&deg;黄糯玉米200g*6穗/箱 北纬47&deg;白甜糯玉米220g*6穗/箱 北纬47&deg;黑珍珠甜糯玉米200g*6穗/箱 北纬47&deg;低GI水果玉米220g*6穗/箱 北纬47&deg;花甜糯玉米200g*6穗/箱 北纬47&deg;黄糯玉米200g*10穗/箱 北纬47&deg;白甜糯玉米220g*10穗/箱 北纬47&deg;黑珍珠甜糯玉米200g*10穗/箱 北纬47&deg;低GI水果玉米220g*10穗/箱 北纬47&deg;花甜糯玉米200g*10穗/箱\">口味：黄糯玉米 </span><span class=\"Attrs--attr--33ShB6X\" style=\"display: inline-block; width: 253.969px; text-overflow: ellipsis; overflow: hidden; padding: 0px 6px; box-sizing: border-box;\" title=\"包装种类：真空装\">种类：真空装</span><span class=\"Attrs--attr--33ShB6X\" style=\"display: inline-block; width: 253.969px; text-overflow: ellipsis; overflow: hidden; padding: 0px 6px; box-sizing: border-box;\" title=\"包装方式：礼盒装\">包装方式：礼盒装</span></div>\n<div class=\"Attrs--attrSection--2_G8xGa\" style=\"word-break: break-all; font-family: \'PingFang SC\'; font-size: 14px; letter-spacing: normal; color: rgb(78, 78, 78); line-height: 16px; margin-top: 14px; white-space: nowrap; overflow: hidden; margin-right: -6px; margin-left: -6px; font-style: normal; font-variant-ligatures: normal; font-variant-caps: normal; font-weight: 400; orphans: 2; text-align: start; text-indent: 0px; text-transform: none; widows: 2; word-spacing: 0px; -webkit-text-stroke-width: 0px; background-color: rgb(255, 255, 255); text-decoration-style: initial; text-decoration-color: initial;\"><span class=\"Attrs--attr--33ShB6X\" style=\"display: inline-block; width: 253.969px; text-overflow: ellipsis; overflow: hidden; padding: 0px 6px; box-sizing: border-box;\" title=\"适用场景：商用/家用\">适用场景：商用/家用</span><span class=\"Attrs--attr--33ShB6X\" style=\"display: inline-block; width: 253.969px; text-overflow: ellipsis; overflow: hidden; padding: 0px 6px; box-sizing: border-box;\" title=\"包装规格：1箱\">包装规格：1箱</span><span class=\"Attrs--attr--33ShB6X\" style=\"display: inline-block; width: 253.969px; text-overflow: ellipsis; overflow: hidden; padding: 0px 6px; box-sizing: border-box;\" title=\"储存条件：常温/阴凉，避免阳光直射\">储存条件：常温/阴凉，避免阳光直射</span></div>\n<div class=\"Attrs--attrSection--2_G8xGa\" style=\"word-break: break-all; font-family: \'PingFang SC\'; font-size: 14px; letter-spacing: normal; color: rgb(78, 78, 78); line-height: 16px; margin-top: 14px; white-space: nowrap; overflow: hidden; margin-right: -6px; margin-left: -6px; font-style: normal; font-variant-ligatures: normal; font-variant-caps: normal; font-weight: 400; orphans: 2; text-align: start; text-indent: 0px; text-transform: none; widows: 2; word-spacing: 0px; -webkit-text-stroke-width: 0px; background-color: rgb(255, 255, 255); text-decoration-style: initial; text-decoration-color: initial;\"><span class=\"Attrs--attr--33ShB6X\" style=\"display: inline-block; width: 253.969px; text-overflow: ellipsis; overflow: hidden; padding: 0px 6px; box-sizing: border-box;\" title=\"蛋白质：4g/100g\">蛋白质：4g/100g</span><span class=\"Attrs--attr--33ShB6X\" style=\"display: inline-block; width: 253.969px; text-overflow: ellipsis; overflow: hidden; padding: 0px 6px; box-sizing: border-box;\" title=\"能量：757kJ/100g\">能量：757kJ/100g</span><span class=\"Attrs--attr--33ShB6X\" style=\"display: inline-block; width: 253.969px; text-overflow: ellipsis; overflow: hidden; padding: 0px 6px; box-sizing: border-box;\" title=\"脂肪：2.3g/100g\">脂肪：2.3g/100g </span><span class=\"Attrs--attr--33ShB6X\" style=\"display: inline-block; width: 253.969px; text-overflow: ellipsis; overflow: hidden; padding: 0px 6px; box-sizing: border-box;\" title=\"碳水化合物：35.5g/100g\">碳水化合物：35.5g/100g</span><span class=\"Attrs--attr--33ShB6X\" style=\"display: inline-block; width: 253.969px; text-overflow: ellipsis; overflow: hidden; padding: 0px 6px; box-sizing: border-box;\" title=\"钠：7mg/100g\">钠：7mg/100g</span></div>\n<div class=\"Attrs--attrSection--2_G8xGa\" style=\"word-break: break-all; font-family: \'PingFang SC\'; font-size: 14px; letter-spacing: normal; color: rgb(78, 78, 78); line-height: 16px; margin-top: 14px; white-space: nowrap; overflow: hidden; margin-right: -6px; margin-left: -6px; font-style: normal; font-variant-ligatures: normal; font-variant-caps: normal; font-weight: 400; orphans: 2; text-align: start; text-indent: 0px; text-transform: none; widows: 2; word-spacing: 0px; -webkit-text-stroke-width: 0px; background-color: rgb(255, 255, 255); text-decoration-style: initial; text-decoration-color: initial;\"><span class=\"Attrs--attr--33ShB6X\" style=\"display: inline-block; width: 253.969px; text-overflow: ellipsis; overflow: hidden; padding: 0px 6px; box-sizing: border-box;\" title=\"品名：玉米\">品名：玉米</span><span class=\"Attrs--attr--33ShB6X\" style=\"display: inline-block; width: 253.969px; text-overflow: ellipsis; overflow: hidden; padding: 0px 6px; box-sizing: border-box;\" title=\"厂名：北纬四十七(依安县)绿色有机食品有限公 司\">厂名：北纬四十七(依安县)绿色有机食品有限公 司</span><span class=\"Attrs--attr--33ShB6X\" style=\"display: inline-block; width: 253.969px; text-overflow: ellipsis; overflow: hidden; padding: 0px 6px; box-sizing: border-box;\" title=\"厂址：黑龙江省齐齐哈尔市依安县工业园区内\">厂址：黑龙江省齐齐哈尔市依安县工业园区内</span></div>\n<div class=\"Attrs--attrSection--2_G8xGa\" style=\"word-break: break-all; font-family: \'PingFang SC\'; font-size: 14px; letter-spacing: normal; color: rgb(78, 78, 78); line-height: 16px; margin-top: 14px; white-space: nowrap; overflow: hidden; margin-right: -6px; margin-left: -6px; font-style: normal; font-variant-ligatures: normal; font-variant-caps: normal; font-weight: 400; orphans: 2; text-align: start; text-indent: 0px; text-transform: none; widows: 2; word-spacing: 0px; -webkit-text-stroke-width: 0px; background-color: rgb(255, 255, 255); text-decoration-style: initial; text-decoration-color: initial;\"><span class=\"Attrs--attr--33ShB6X\" style=\"display: inline-block; width: 253.969px; text-overflow: ellipsis; overflow: hidden; padding: 0px 6px; box-sizing: border-box;\" title=\"保质期：365\">保质期：365</span></div>', '100');
INSERT INTO `zengpin` VALUES (8, '041200178043', '多功能去皮切奇异果刀猕猴桃勺专用挖勺子去皮器吃水果挖果肉工具', 18, 12, '/upload/6c81d71bdb326e0234323a885f7a1f52.png', 10, 100, 5.80, '', '100');

-- ----------------------------
-- Table structure for zhuanshangpin
-- ----------------------------
DROP TABLE IF EXISTS `zhuanshangpin`;
CREATE TABLE `zhuanshangpin`  (
  `id` int UNSIGNED NOT NULL AUTO_INCREMENT,
  `zengpinid` int UNSIGNED NOT NULL COMMENT '赠品id',
  `bianhao` varchar(50) CHARACTER SET utf8mb4 COLLATE utf8mb4_0900_ai_ci NOT NULL COMMENT '编号',
  `mingcheng` varchar(255) CHARACTER SET utf8mb4 COLLATE utf8mb4_0900_ai_ci NOT NULL COMMENT '名称',
  `fenlei` int UNSIGNED NOT NULL COMMENT '分类',
  `kucun` int NOT NULL DEFAULT 0 COMMENT '库存',
  `zhuanshangmiaoshu` text CHARACTER SET utf8mb4 COLLATE utf8mb4_0900_ai_ci NOT NULL COMMENT '转商描述',
  `zhuanshangzhuangtai` varchar(50) CHARACTER SET utf8mb4 COLLATE utf8mb4_0900_ai_ci NOT NULL COMMENT '转商状态',
  `shenqingren` varchar(50) CHARACTER SET utf8mb4 COLLATE utf8mb4_0900_ai_ci NOT NULL COMMENT '申请人',
  `addtime` timestamp NOT NULL DEFAULT CURRENT_TIMESTAMP COMMENT '添加时间',
  PRIMARY KEY (`id`) USING BTREE,
  INDEX `zhuanshangpin_zengpinid_index`(`zengpinid` ASC) USING BTREE,
  INDEX `zhuanshangpin_fenlei_index`(`fenlei` ASC) USING BTREE
) ENGINE = InnoDB AUTO_INCREMENT = 5 CHARACTER SET = utf8mb4 COLLATE = utf8mb4_0900_ai_ci COMMENT = '转商品' ROW_FORMAT = Dynamic;

-- ----------------------------
-- Records of zhuanshangpin
-- ----------------------------
INSERT INTO `zhuanshangpin` VALUES (3, 6, '041200178043', '多功能去皮切奇异果刀猕猴桃勺专用挖勺子去皮器吃水果挖果肉工具', 0, 100, '', '已通过', '100', '2024-04-12 00:21:52');
INSERT INTO `zhuanshangpin` VALUES (4, 9, '041517415801', '西红柿', 13, 300, '', '已通过', '100', '2024-04-15 17:44:17');

-- ----------------------------
-- Table structure for zhuanshangshenhe
-- ----------------------------
DROP TABLE IF EXISTS `zhuanshangshenhe`;
CREATE TABLE `zhuanshangshenhe`  (
  `id` int UNSIGNED NOT NULL AUTO_INCREMENT,
  `zhuanshangpinid` int UNSIGNED NOT NULL COMMENT '转商品id',
  `zengpinid` int UNSIGNED NOT NULL COMMENT '赠品id',
  `bianhao` varchar(50) CHARACTER SET utf8mb4 COLLATE utf8mb4_0900_ai_ci NOT NULL COMMENT '编号',
  `mingcheng` varchar(255) CHARACTER SET utf8mb4 COLLATE utf8mb4_0900_ai_ci NOT NULL COMMENT '名称',
  `fenlei` int UNSIGNED NOT NULL COMMENT '分类',
  `kucun` int NOT NULL DEFAULT 0 COMMENT '库存',
  `shenqingren` varchar(50) CHARACTER SET utf8mb4 COLLATE utf8mb4_0900_ai_ci NOT NULL COMMENT '申请人',
  `shenhejieguo` varchar(50) CHARACTER SET utf8mb4 COLLATE utf8mb4_0900_ai_ci NOT NULL COMMENT '审核结果',
  `shenhebeizhu` text CHARACTER SET utf8mb4 COLLATE utf8mb4_0900_ai_ci NOT NULL COMMENT '审核备注',
  `shenheren` varchar(50) CHARACTER SET utf8mb4 COLLATE utf8mb4_0900_ai_ci NOT NULL COMMENT '审核人',
  `addtime` timestamp NOT NULL DEFAULT CURRENT_TIMESTAMP COMMENT '添加时间',
  PRIMARY KEY (`id`) USING BTREE,
  INDEX `zhuanshangshenhe_zhuanshangpinid_index`(`zhuanshangpinid` ASC) USING BTREE,
  INDEX `zhuanshangshenhe_zengpinid_index`(`zengpinid` ASC) USING BTREE,
  INDEX `zhuanshangshenhe_fenlei_index`(`fenlei` ASC) USING BTREE
) ENGINE = InnoDB AUTO_INCREMENT = 5 CHARACTER SET = utf8mb4 COLLATE = utf8mb4_0900_ai_ci COMMENT = '转商审核' ROW_FORMAT = Dynamic;

-- ----------------------------
-- Records of zhuanshangshenhe
-- ----------------------------
INSERT INTO `zhuanshangshenhe` VALUES (3, 3, 6, '041200178043', '多功能去皮切奇异果刀猕猴桃勺专用挖勺子去皮器吃水果挖果肉工具', 0, 100, '100', '已通过', '', 'admin', '2024-04-12 00:25:07');
INSERT INTO `zhuanshangshenhe` VALUES (4, 4, 9, '041517415801', '西红柿', 13, 300, '100', '已通过', '', 'admin', '2024-04-15 17:44:32');

-- ----------------------------
-- Table structure for zhuanzengpin
-- ----------------------------
DROP TABLE IF EXISTS `zhuanzengpin`;
CREATE TABLE `zhuanzengpin`  (
  `id` int UNSIGNED NOT NULL AUTO_INCREMENT,
  `shangpinid` int UNSIGNED NOT NULL COMMENT '商品id',
  `bianhao` varchar(50) CHARACTER SET utf8mb4 COLLATE utf8mb4_0900_ai_ci NOT NULL COMMENT '编号',
  `mingcheng` varchar(255) CHARACTER SET utf8mb4 COLLATE utf8mb4_0900_ai_ci NOT NULL COMMENT '名称',
  `fenlei` int UNSIGNED NOT NULL COMMENT '分类',
  `kucun` int NOT NULL DEFAULT 0 COMMENT '库存',
  `zhuanzengshangpin` int UNSIGNED NOT NULL COMMENT '转赠商品',
  `zhuanzengzhuangtai` varchar(50) CHARACTER SET utf8mb4 COLLATE utf8mb4_0900_ai_ci NOT NULL COMMENT '转赠状态',
  `zhuanzengmiaoshu` text CHARACTER SET utf8mb4 COLLATE utf8mb4_0900_ai_ci NOT NULL COMMENT '转赠描述',
  `shenqingren` varchar(50) CHARACTER SET utf8mb4 COLLATE utf8mb4_0900_ai_ci NOT NULL COMMENT '申请人',
  `addtime` timestamp NOT NULL DEFAULT CURRENT_TIMESTAMP COMMENT '添加时间',
  PRIMARY KEY (`id`) USING BTREE,
  INDEX `zhuanzengpin_shangpinid_index`(`shangpinid` ASC) USING BTREE,
  INDEX `zhuanzengpin_fenlei_index`(`fenlei` ASC) USING BTREE,
  INDEX `zhuanzengpin_zhuanzengshangpin_index`(`zhuanzengshangpin` ASC) USING BTREE
) ENGINE = InnoDB AUTO_INCREMENT = 8 CHARACTER SET = utf8mb4 COLLATE = utf8mb4_0900_ai_ci COMMENT = '转赠品' ROW_FORMAT = Dynamic;

-- ----------------------------
-- Records of zhuanzengpin
-- ----------------------------
INSERT INTO `zhuanzengpin` VALUES (5, 33, '041200368315', '鲜甜糯玉米1根', 13, 200, 17, '已通过', '试吃', '100', '2024-04-12 00:40:33');
INSERT INTO `zhuanzengpin` VALUES (6, 32, '041200178043', '多功能去皮切奇异果刀猕猴桃勺专用挖勺子去皮器吃水果挖果肉工具', 12, 100, 18, '已通过', '搭配', '100', '2024-04-15 17:22:05');
INSERT INTO `zhuanzengpin` VALUES (7, 38, '041517415801', '西红柿', 13, 300, 17, '已通过', '', '100', '2024-04-15 17:42:58');

-- ----------------------------
-- Table structure for zhuanzengshenhe
-- ----------------------------
DROP TABLE IF EXISTS `zhuanzengshenhe`;
CREATE TABLE `zhuanzengshenhe`  (
  `id` int UNSIGNED NOT NULL AUTO_INCREMENT,
  `zhuanzengpinid` int UNSIGNED NOT NULL COMMENT '转赠品id',
  `shangpinid` int UNSIGNED NOT NULL COMMENT '商品id',
  `bianhao` varchar(50) CHARACTER SET utf8mb4 COLLATE utf8mb4_0900_ai_ci NOT NULL COMMENT '编号',
  `mingcheng` varchar(255) CHARACTER SET utf8mb4 COLLATE utf8mb4_0900_ai_ci NOT NULL COMMENT '名称',
  `fenlei` int UNSIGNED NOT NULL COMMENT '分类',
  `kucun` int NOT NULL DEFAULT 0 COMMENT '库存',
  `shenqingren` varchar(50) CHARACTER SET utf8mb4 COLLATE utf8mb4_0900_ai_ci NOT NULL COMMENT '申请人',
  `zhuanzengshangpin` int UNSIGNED NOT NULL COMMENT '转赠商品',
  `shenhejieguo` varchar(50) CHARACTER SET utf8mb4 COLLATE utf8mb4_0900_ai_ci NOT NULL COMMENT '审核结果',
  `shenhebeizhu` text CHARACTER SET utf8mb4 COLLATE utf8mb4_0900_ai_ci NOT NULL COMMENT '审核备注',
  `shenheren` varchar(50) CHARACTER SET utf8mb4 COLLATE utf8mb4_0900_ai_ci NOT NULL COMMENT '审核人',
  `addtime` timestamp NOT NULL DEFAULT CURRENT_TIMESTAMP COMMENT '添加时间',
  PRIMARY KEY (`id`) USING BTREE,
  INDEX `zhuanzengshenhe_zhuanzengpinid_index`(`zhuanzengpinid` ASC) USING BTREE,
  INDEX `zhuanzengshenhe_shangpinid_index`(`shangpinid` ASC) USING BTREE,
  INDEX `zhuanzengshenhe_fenlei_index`(`fenlei` ASC) USING BTREE,
  INDEX `zhuanzengshenhe_zhuanzengshangpin_index`(`zhuanzengshangpin` ASC) USING BTREE
) ENGINE = InnoDB AUTO_INCREMENT = 8 CHARACTER SET = utf8mb4 COLLATE = utf8mb4_0900_ai_ci COMMENT = '转赠审核' ROW_FORMAT = Dynamic;

-- ----------------------------
-- Records of zhuanzengshenhe
-- ----------------------------
INSERT INTO `zhuanzengshenhe` VALUES (5, 5, 33, '041200368315', '鲜甜糯玉米1根', 13, 200, '100', 17, '已通过', '', 'admin', '2024-04-12 00:40:56');
INSERT INTO `zhuanzengshenhe` VALUES (6, 6, 32, '041200178043', '多功能去皮切奇异果刀猕猴桃勺专用挖勺子去皮器吃水果挖果肉工具', 12, 100, '100', 18, '已通过', '', 'admin', '2024-04-15 17:25:15');
INSERT INTO `zhuanzengshenhe` VALUES (7, 7, 38, '041517415801', '西红柿', 13, 300, '100', 17, '已通过', '', 'admin', '2024-04-15 17:43:39');

SET FOREIGN_KEY_CHECKS = 1;
